Abies alba,Aa
Abies balsamea,Ab
Abies borisii-regis,Ab
Abies cephalonica,Ac
Abies grandis,Ag
Abies sachalinensis,As
Acacia caven,Ac
Acacia nuperrima,An
Acalypha segetalis,As
Acer yangbiense,Ay
Achillea abrotanoides,Aa
Achillea ageratum,Aa
Achillea alexandri-regis,Aa
Achillea atrata,Aa
Achillea biebersteinii,Ab
Achillea chrysocoma,Ac
Achillea clavennae,Ac
Achillea clypeolata,Ac
Achillea coarctata,Ac
Achillea collina,Ac
Achillea crithmifolia,Ac
Achillea filipendulina,Af
Achillea goniocephala,Ag
Achillea holosericea,Ah
Achillea lingulata,Al
Achillea millefolium,Am
Achillea nobilis,An
Achillea oligocephala,Ao
Achillea pseudoaleppica,Ap
Achillea schischkinii,As
Achillea sieheana,As
Achillea stricta,As
Achillea talagonica,At
Achillea tenuifolia,At
Achillea vermicularis,Av
Acorus calamus,Ac
Actinidia chinensis,Ac
Aegilops tauschii,At
Aeollanthus myrianthus,Am
Aeollanthus parvifolius,Ap
Aeollanthus pubescens,Ap
Aeollanthus suaveolens,As
Aframomum citratum,Ac
Aframomum corrorima,Ac
Aframomum exscapum,Ae
Aframomum letestuanum,Al
Aframomum melegueta,Am
Aframomum pruinosum,Ap
African blue,Ab
Agastache foeniculum,Af
Ageratina havanensis,Ah
Ageratum conyzoides,Ac
Ajuga chamaecistus,Ac
Ajuga chamaepitys,Ac
Alchemilla alpina,Aa
Alkanna orientalis,Ao
Allamanda cathartica,Ac
Allium sativum,As
Alococarpum erianthum,Ae
Aloysia gratissima,Ag
Aloysia triphylla,At
Alpinia calcarata,Ac
Alpinia galanga,Ag
Alpinia laosensis,Al
Alpinia malaccensis,Am
Alpinia nutans,An
Alpinia purpurata,Ap
Alpinia smithiae,As
Alpinia zerumbet,Az
Amaranthus hypochondriacus,Ah
Amborella trichopoda,At
Ambrosia artemisiifolia,Aa
Ambrosia hispida,Ah
Ambrosia microcephala,Am
Ammodaucus leucotrichus,Al
Ammoides atlantica,Aa
Ammoides pusilla,Ap
Amyris elemifera,Ae
Anacardium humile,Ah
Anacardium occidentale,Ao
Anacyclus pyrethrum,Ap
Ananas comosus,Ac
Anaphalis contorta,Ac
Andaliman ,A
Anemia tomentosa,At
Anethum graveolens,Ag
Angelica acutiloba,Aa
Angelica archangelica,Aa
Angelica glauca,Ag
Angelica sylvestris,As
Aniba riparia,Ar
Aniba rosaeodora,Ar
Aniba terminalis,At
Annona cherimolia,Ac
Annona glabra,Ag
Annona montana,Am
Annona reticulata,Ar
Anthemis altissima,Aa
Anthemis carpatica,Ac
Anthemis tinctoria,At
Anthocleista vogelii,Av
Anthriscus cerefolium,Ac
Antirrhinum majus,Am
Anvillea garcinii,Ag
Apostasia shenzhenica,As
Aquilaria agallocha,Aa
Aquilaria crassna,Ac
Aquilegia coerulea,Ac
Arabidopsis halleri,Ah
Arabidopsis lyrata,Al
Arabidopsis thaliana,At
Arabis alpina,Aa
Arabis nemorensis,An
Arachis hypogaea,Ah
Argania spinosa,As
Arnica montana,Am
Artedia squamata,As
Artemisia absinthium,Aa
Artemisia afra,Aa
Artemisia annua,Aa
Artemisia arborescens,Aa
Artemisia armeniaca,Aa
Artemisia aucheri,Aa
Artemisia barrelieri,Ab
Artemisia caerulescens,Ac
Artemisia campestris,Ac
Artemisia chamaemelifolia,Ac
Artemisia ciniformis,Ac
Artemisia copa,Ac
Artemisia deserti,Ad
Artemisia diffusa,Ad
Artemisia eriantha,Ae
Artemisia ferganensis,Af
Artemisia fragrans,Af
Artemisia gallica,Ag
Artemisia gmelinii,Ag
Artemisia gypsacea,Ag
Artemisia haussknechtii,Ah
Artemisia herba-alba,Ah
Artemisia incana,Ai
Artemisia judaica,Aj
Artemisia kopetdaghensis,Ak
Artemisia maritima,Am
Artemisia myriantha,Am
Artemisia nilagirica,An
Artemisia persica,Ap
Artemisia roxburghiana,Ar
Artemisia santolina,As
Artemisia scoparia,As
Artemisia sieberi,As
Artemisia splendens,As
Artemisia stelleriana,As
Artemisia subdigitata,As
Artemisia verlotiorum,Av
Artemisia vulgaris,Av
Asparagus officinalis,Ao
Aspilia africana,Aa
Astartea leptophylla,Al
Aster ageratoides,Aa
Aster tataricus,At
Astrodaucus orientalis,Ao
Astrodaucus persicus,Ap
Astydamia latifolia,Al
Atalantia buxifolia,Ab
Atalantia roxburghiana,Ar
Athamanta sicula,As
Athamanta turbith,At
Athrotaxis cupressoides,Ac
Athrotaxis selaginoides,As
Austrian leopard's,Al
Austrocedrus chilensis,Ac
Baccharis articulata,Ba
Baccharis coridifolia,Bc
Baccharis dracunculifolia,Bd
Baccharis elaeoides,Be
Baccharis halimifolia,Bh
Baccharis linearis,Bl
Baccharis magellanica,Bm
Baccharis obovata,Bo
Baccharis racemosa,Br
Baccharis salicifolia,Bs
Baccharis tenella,Bt
Baccharis tricuneata,Bt
Backhousia citriodora,Bc
Backhousia enata,Be
Backhousia myrtifolia,Bm
Ballota aucheri,Ba
Barbarea vulgaris,Bv
Barongia lophandra,Bl
Bauhinia ungulata,Bu
Becium grandiflorum,Bg
Berula erecta,Be
Beta vulgaris,Bv
Betula platyphylla,Bp
Bidens alba,Ba
Bidens cernua,Bc
Bidens gardneri,Bg
Bidens pilosa,Bp
Bidens tripartita,Bt
Bifora radians,Br
Bixa orellana,Bo
black cardamom,bc
Black raspberry,Br
Blepharocalyx giganteus,Bg
Blepharocalyx salicifolius,Bs
Bocageopsis multiflora,Bm
Boechera stricta,Bs
Boesenbergia pandurata,Bp
Bombycilaena erecta,Be
Bottle gourd,Bg
Bowdichia virgilioides,Bv
Brachypodium distachyon,Bd
Brachypodium hybridum,Bh
Brachypodium stacei,Bs
Brachypodium sylvaticum,Bs
Brachystegia nigerica,Bn
Brassica campestris,Bc
Brassica cretica,Bc
Brassica napus,Bn
Brassica oleracea,Bo
Brassica rapa,Br
breckland thyme,bt
Bruguiera gymnorhiza,Bg
Bryophyllum pinnatum,Bp
Bunium cylindricum,Bc
Bunium persicum,Bp
Bupleurum bicaule,Bb
Bupleurum chinense,Bc
Bupleurum fruticosum,Bf
Bupleurum gibraltarium,Bg
Bupleurum longicaule,Bl
Bupleurum malconense,Bm
Bupleurum marginatum,Bm
Bupleurum microcephalum,Bm
Bupleurum rigidum,Br
Bupleurum scorzonerifolium,Bs
Bupleurum smithii,Bs
Bupleurum wenchuanense,Bw
Bupleurum yinchowense,By
Bursera aromatica,Ba
Bursera hollickii,Bh
Bursera microphylla,Bm
Cachrys alpina,Ca
Cachrys ferulacea,Cf
Cachrys trifida,Ct
Caesalpinia violacea,Cv
Cajanus cajan,Cc
Calamintha nepeta,Cn
Calamintha tauricola,Ct
Calamintha vardarensis,Cv
Calendula officinalis,Co
Callistemon acuminatus,Ca
Callistemon chisholmii,Cc
Callistemon citrinus,Cc
Callistemon comboynensis,Cc
Callistemon flavovirens,Cf
Callistemon formosus,Cf
Callistemon forresterae,Cf
Callistemon genofluvialis,Cg
Callistemon glaucus,Cg
Callistemon kenmorrisonii,Ck
Callistemon linearifolius,Cl
Callistemon linearis,Cl
Callistemon macropunctatus,Cm
Callistemon montanus,Cm
Callistemon pachyphyllus,Cp
Callistemon pallidus,Cp
Callistemon pauciflorus,Cp
Callistemon pearsonii,Cp
Callistemon phoeniceus,Cp
Callistemon pinifolius,Cp
Callistemon pityoides,Cp
Callistemon polandii,Cp
Callistemon pungens,Cp
Callistemon recurvus,Cr
Callistemon rigidus,Cr
Callistemon salignus,Cs
Callistemon shiressii,Cs
Callistemon sieberi,Cs
Callistemon subulatus,Cs
Callistemon viminalis,Cv
Calycolpus australis,Ca
Calyptranthes microphylla,Cm
Calyptranthes sintenisii,Cs
Camellia brevistyla,Cb
Camellia hiemalis,Ch
Camellia sinensis,Cs
Campomanesia adamantium,Ca
Campomanesia guaviroba,Cg
Campomanesia phaea,Cp
Campomanesia pubescens,Cp
Campomanesia sessiliflora,Cs
Campomanesia xanthocarpa,Cx
Cannabis sativa,Cs
Capsella grandiflora,Cg
Capsella rubella,Cr
Capsicum annum,Ca
Capsicum annuum,Ca
Capsicum baccatum,Cb
Capsicum chinense,Cc
Carduus pycnocephalus,Cp
Carica papaya,Cp
Carpinus fangiana,Cf
Carum carvi,Cc
Carum copticum,Cc
Carum graecum,Cg
Caryopteris odorata,Co
Cassinia laevis,Cl
Cassinia quinquefaria,Cq
Cassytha filiformis,Cf
Cassytha pubescens,Cp
Catharanthus roseus,Cr
Cayratia japonica,Cj
Cedrela odorata,Co
Centaurea aphrodisea,Ca
Centaurea athoa,Ca
Centaurea calcitrapa,Cc
Centaurea depressa,Cd
Centaurea hyalolepis,Ch
Centaurea iberica,Ci
Centaurea luschaniana,Cl
Centaurea paniculata,Cp
Centaurea polyclada,Cp
Centaurea rupestris,Cr
Centaurea solstitialis,Cs
Centaurea tossiensis,Ct
Centaurea wagenitzii,Cw
Centaurium erythraea,Ce
Centratherum punctatum,Cp
Cephalotus follicularis,Cf
Cerastium candidissimum,Cc
Cerasus yedoensis,Cy
Chaerophyllum crinitum,Cc
Chaerophyllum macropodum,Cm
Chaerophyllum macrospermum,Cm
Chaerophyllum prescottii,Cp
Chamaecyparis lawsoniana,Cl
Chamaemelum Nobile,CN
Chamomilla recutita,Cr
Chenopodium ambrosioides,Ca
Chenopodium quinoa,Cq
Chinese Wedelia,CW
Chrysopogon aucheri,Ca
Chrysopogon zizanioides,Cz
Chrysothamnus nauseosus,Cn
Chrysothamnus pulchellus,Cp
Chukrasia tabularis,Ct
Cicer arietinum,Ca
Cicer reticulatum,Cr
Cichorium intybus,Ci
Cinnamomum angustifolium,Ca
Cinnamomum aureofulvum,Ca
Cinnamomum durifolium,Cd
Cinnamomum iners,Ci
Cinnamomum magnificum,Cm
Cinnamomum micranthum,Cm
Cinnamomum montanum,Cm
Cinnamomum sericans,Cs
Cinnamomum tenuipile,Ct
Cinnamomum verum,Cv
Cinnamomum zeylanicum,Cz
Cinnamosma fragrans,Cf
Cirsium japonicum,Cj
Cistus creticus,Cc
Cistus monspeliensis,Cm
Citrofortunella microcarpa,Cm
Citrullus lanatus,Cl
Citrus aurantium,Ca
Citrus australasica,Ca
Citrus clementina,Cc
Citrus japonica,Cj
Citrus junos,Cj
Citrus limon,Cl
Citrus maxima,Cm
Citrus medica,Cm
Citrus reticulata,Cr
Citrus sinensis,Cs
Citrus unshiu,Cu
Clarkia breweri,Cb
Cleome coluteoides,Cc
Clinopodium brownei,Cb
Clinopodium menthifolium,Cm
Clinopodium thymifolium,Ct
Clusia nemorosa,Cn
Coatesia paniculata,Cp
Coespeletia spicata,Cs
Coespeletia thyrsiformis,Ct
Coffea arabica,Ca
Coffea canephora,Cc
Coleus aromaticus,Ca
Colquhounia coccinea,Cc
Commiphora myrrha,Cm
Conyza albida,Ca
Conyza bonariensis,Cb
Conyza canadensis,Cc
Copaifera langsdorffii,Cl
Copaifera reticulata,Cr
Corchorus capsularis,Cc
Corchorus olitorius,Co
Cordia leucocephala,Cl
Coriandrum sativum,Cs
Coridothymus capitatus,Cc
Corn mint,Cm
Corymbia citriodora,Cc
Cosmos sulphureus,Cs
Couroupita guianensis,Cg
Craniotome furcata,Cf
Crassocephalum biafrae,Cb
Crassocephalum bougheyanum,Cb
Crassocephalum crepidioides,Cc
Crassocephalum mannii,Cm
Crassocephalum montuosum,Cm
Crassocephalum rubens,Cr
Crinum latifolium,Cl
Crithmum maritimum,Cm
Croton cajucara,Cc
Croton campestris,Cc
Croton flavens,Cf
Croton jimenezii,Cj
Croton oligandrus,Co
Croton sacaquinha,Cs
Croton sonderianus,Cs
Croton zehntneri,Cz
Cucumber sativus,Cs
Cucumis melo,Cm
Cucumis sativus,Cs
Cucurbita maxima,Cm
Cucurbita moschata,Cm
Cucurbita pepo,Cp
Cunila angustifolia,Ca
Cunila galioides,Cg
Cunila spicata,Cs
Cupressus arizonica,Ca
Cupressus atlantica,Ca
Cupressus cashmeriana,Cc
Cupressus chengiana,Cc
Cupressus duclouxiana,Cd
Cupressus funebris,Cf
Cupressus guadalupensis,Cg
Cupressus macnabiana,Cm
Cupressus macrocarpa,Cm
Cupressus sempervirens,Cs
Cupressus tonkinensis,Ct
Cupressus torulosa,Ct
Curcuma aeruginosa,Ca
Curcuma angustifolia,Ca
Curcuma haritha,Ch
Curcuma leucorrhiza,Cl
Curcuma longa,Cl
Cuscuta australis,Ca
Cyclotrichium leucotrichum,Cl
Cyclotrichium straussii,Cs
Cymbocarpum wiedemannii,Cw
Cymbopogon afronardus,Ca
Cymbopogon citratus,Cc
Cymbopogon distans,Cd
Cymbopogon flexuosus,Cf
Cymbopogon giganteus,Cg
Cymbopogon martinii,Cm
Cymbopogon microstachys,Cm
Cymbopogon proximus,Cp
Cymbopogon winterianus,Cw
Cynara cardunculus,Cc
Cyperus esculentus,Ce
Cyperus maculatus,Cm
Cyperus rotundus,Cr
Daphnandra apatela,Da
Daphnandra johnsonii,Dj
Daphnandra melasmena,Dm
Daphnandra micrantha,Dm
Daphnandra repandula,Dr
Daphnandra tenuipes,Dt
Daucus carota,Dc
Daucus littoralis,Dl
Decaspermum humile,Dh
Decaspermum struckoilicum,Ds
Dendrobium catenatum,Dc
Dennettia tripetala,Dt
Desmos goezeanus,Dg
Desmos wardianus,Dw
Dianthus caryophyllus,Dc
Dichanthelium oligosanthes,Do
Dictamnus albus,Da
Dicyclophora persica,Dp
Diospyros blancoi,Db
Diplotaenia cachrydifolia,Dc
Dipteryx odorata,Do
Dittrichia graveolens,Dg
Dorcoceras hygrometricum,Dh
Dracocephalum aucheri,Da
Dracocephalum kotschyi,Dk
Dracocephalum moldavica,Dm
Dracocephalum speciosum,Ds
Drimys brasiliensis,Db
Dryopteris crassirhizoma,Dc
Ducrosia anethifolia,Da
Ducrosia assadii,Da
Echinacea purpurea,Ep
Echinophora carvifolia,Ec
Echinophora cinerea,Ec
Echinophora lamondiana,El
Echinophora orientalis,Eo
Echinophora platyloba,Ep
Echinophora tenuifolia,Et
Echinophora tournefortii,Et
Echinophora trichophylla,Et
Echinops graecus,Eg
Elettariopsis elan,Ee
Elsholtzia blanda,Eb
Elsholtzia ciliata,Ec
Elsholtzia densa,Ed
Elsholtzia fruticosa,Ef
Ensete glaucum,Eg
Ensete ventricosum,Ev
Eragrostis curvula,Ec
Erechtites hieracifolia,Eh
Eremostachys adenantha,Ea
Eremostachys macrophylla,Em
Erica manipuliflora,Em
Erigeron acris,Ea
Erigeron annuus,Ea
Erigeron floribundus,Ef
Eryngium billardieri,Eb
Eryngium bungei,Eb
Eryngium caeruleum,Ec
Eryngium expansum,Ee
Eryngium foetidum,Ef
Eryngium palmatum,Ep
Eryngium paludosum,Ep
Eryngium pandanifolium,Ep
Eryngium paniculatum,Ep
Eryngium rostratum,Er
Eryngium serbicum,Es
Eryngium vesiculosum,Ev
Erythranthe guttata,Eg
Eschweilera coriacea,Ec
Espeletia batata,Eb
Eucalyptus alba,Ea
Eucalyptus albens,Ea
Eucalyptus blakelyi,Eb
Eucalyptus camaldulensis,Ec
Eucalyptus citriodora,Ec
Eucalyptus cladocalyx,Ec
Eucalyptus crucis,Ec
Eucalyptus dalrympleana,Ed
Eucalyptus dealbata,Ed
Eucalyptus deanei,Ed
Eucalyptus decaisneana,Ed
Eucalyptus deglupta,Ed
Eucalyptus dives,Ed
Eucalyptus dura,Ed
Eucalyptus gigantangion,Eg
Eucalyptus globulus,Eg
Eucalyptus grandis,Eg
Eucalyptus gunnii,Eg
Eucalyptus houseana,Eh
Eucalyptus kingsmillii,Ek
Eucalyptus kruseana,Ek
Eucalyptus largiflorens,El
Eucalyptus leucoxylon,El
Eucalyptus macrocarpa,Em
Eucalyptus maculata,Em
Eucalyptus microcorys,Em
Eucalyptus microtheca,Em
Eucalyptus miniata,Em
Eucalyptus nesophila,En
Eucalyptus nitens,En
Eucalyptus orbifolia,Eo
Eucalyptus ovata,Eo
Eucalyptus polycarpa,Ep
Eucalyptus propinqua,Ep
Eucalyptus punctata,Ep
Eucalyptus radiata,Er
Eucalyptus raveretiana,Er
Eucalyptus robusta,Er
Eucalyptus saligna,Es
Eucalyptus sideroxylon,Es
Eucalyptus tereticornis,Et
Eucalyptus torelliana,Et
Eucalyptus urophylla,Eu
Eucalyptus viminalis,Ev
Eugenia acapulcensis,Ea
Eugenia arenosa,Ea
Eugenia argentea,Ea
Eugenia axillaris,Ea
Eugenia bacopari,Eb
Eugenia brasiliensis,Eb
Eugenia burkartiana,Eb
Eugenia catharinensis,Ec
Eugenia chlorophylla,Ec
Eugenia copacabanensis,Ec
Eugenia cuprea,Ec
Eugenia dimorpha,Ed
Eugenia dysenterica,Ed
Eugenia florida,Ef
Eugenia foetida,Ef
Eugenia hiemalis,Eh
Eugenia joenssonii,Ej
Eugenia mansoi,Em
Eugenia mattosii,Em
Eugenia melanadenia,Em
Eugenia moraviana,Em
Eugenia multicostata,Em
Eugenia octopleura,Eo
Eugenia pitanga,Ep
Eugenia platysema,Ep
Eugenia pluriflora,Ep
Eugenia punicifolia,Ep
Eugenia pyriformis,Ep
Eugenia ramboi,Er
Eugenia repanda,Er
Eugenia rhombea,Er
Eugenia rocana,Er
Eugenia rottleriana,Er
Eugenia speciosa,Es
Eugenia stigmatosa,Es
Eugenia stipitata,Es
Eugenia sulcata,Es
Eugenia umbelliflora,Eu
Eugenia uruguayensis,Eu
Eugenia xiriricana,Ex
Eupatorium cannabinum,Ec
Eupatorium capillifolium,Ec
Eupatorium coelestinum,Ec
Eupatorium triplinerve,Et
Eutrema salsugineum,Es
Falcaria falcarioides,Ff
Feijoa sellowiana,Fs
Feroniella lucida,Fl
Ferula assa-foetida,Fa
Ferula communis,Fc
Ferula galbaniflua,Fg
Ferula glauca,Fg
Ferula gummosa,Fg
Ferula hirtella,Fh
Ferula macrocolea,Fm
Ferula microcolea,Fm
Ferula ovina,Fo
Ferula szowitsiana,Fs
Ferulago angulata,Fa
Ferulago carduchorum,Fc
Ferulago confusa,Fc
Ferulago contracta,Fc
Ferulago longistylis,Fl
Ferulago phialocarpa,Fp
Ficus benjamina,Fb
Fimbristylis falcata,Ff
Fitzroya cupressoides,Fc
Flaveria linearis,Fl
Flourensia cernua,Fc
Foeniculum vulgare,Fv
Fortunella hindsii,Fh
Fragaria ananassa,Fa
Fragaria vesca,Fv
Fritillaria eduardii,Fe
Fritillaria imperialis,Fi
Fritillaria raddeana,Fr
Froriepia subpinnata,Fs
Fuernrohria setifolia,Fs
Galatella biflora,Gb
Geigeria alata,Ga
Geijera linearifolia,Gl
Geijera parviflora,Gp
Geijera salicifolia,Gs
Genipa americana,Ga
Genlisea aurea,Ga
Geranium macrorrhizum,Gm
Geranium phaeum,Gp
Ginkgo biloba,Gb
Glechoma hederacea,Gh
Glechoma sardoa,Gs
Glycine max,Gm
Glycine soja,Gs
Glycosmis pentaphylla,Gp
Glycyrrhiza glabra,Gg
Gmelina arborea,Ga
Goniothalamus macrophyllus,Gm
Gossypium arboreum,Ga
Gossypium australe,Ga
Gossypium barbadense,Gb
Gossypium hirsutum,Gh
Gossypium mustelinum,Gm
Gossypium raimondii,Gr
Grindelia robusta,Gr
Grindelia squarrosa,Gs
Guarea macrophylla,Gm
Guavaberry ,G
Gutierrezia mandonii,Gm
Gutierrezia repens,Gr
Gymnopodium floribundum,Gf
Gyrocarpus americanus,Ga
Handroanthus impetiginosus,Hi
Haplophyllum tuberculatum,Ht
Hedeoma mandoniana,Hm
Hedeoma multiflora,Hm
Hedychium coccineum,Hc
Hedychium coronarium,Hc
Hedychium flavescens,Hf
Hedychium gardnerianum,Hg
Hedychium larsenii,Hl
Helenium argentinum,Ha
Helianthus annuus,Ha
Helichrysum amorginum,Ha
Helichrysum arenarium,Ha
Helichrysum bracteiferum,Hb
Helichrysum faradifani,Hf
Helichrysum forskahlii,Hf
Helichrysum hypnoides,Hh
Helichrysum italicum,Hi
Helichrysum leucocephalum,Hl
Helichrysum melaleucum,Hm
Helichrysum stoechas,Hs
Hemidesmus indicus,Hi
Heracleum argaeum,Ha
Heracleum candolleanum,Hc
Heracleum crenatifolium,Hc
Heracleum paphlagonicum,Hp
Heracleum persicum,Hp
Heracleum platytaenium,Hp
Heracleum sphondylium,Hs
Hernandia albiflora,Ha
Hernandia bivalvis,Hb
Hernandia nymphaeifolia,Hn
Herniaria incana,Hi
Hesperis bicuspidata,Hb
Hesperis bottae,Hb
Hesperis podocarpa,Hp
Heteromorpha trifoliata,Ht
Heteropappus altaicus,Ha
Heteropyxis natalensis,Hn
Heterothalamus alienus,Ha
Heterotheca latifolia,Hl
Hevea brasiliensis,Hb
Hibiscus surattensis,Hs
Hibiscus syriacus,Hs
Hippia frutescens,Hf
Hippomarathrum boissieri,Hb
Hippomarathrum cristatum,Hc
Hippomarathrum microcarpum,Hm
Homalomena sagittifolia,Hs
Homoranthus biflorus,Hb
Homoranthus binghiensis,Hb
Homoranthus bornhardtiensis,Hb
Homoranthus cernuus,Hc
Homoranthus coracinus,Hc
Homoranthus croftianus,Hc
Homoranthus darwinioides,Hd
Homoranthus decasetus,Hd
Homoranthus decumbens,Hd
Homoranthus flavescens,Hf
Homoranthus floydii,Hf
Homoranthus homoranthoides,Hh
Homoranthus lunatus,Hl
Homoranthus melanostictus,Hm
Homoranthus montanus,Hm
Homoranthus papillatus,Hp
Homoranthus porteri,Hp
Homoranthus prolixus,Hp
Homoranthus thomasii,Ht
Homoranthus tropicus,Ht
Homoranthus virgatus,Hv
Homoranthus wilhelmii,Hw
Homoranthus zeteticorum,Hz
Hordeum vulgare,Hv
Humulus lupulus,Hl
Hydrocotyle javanica,Hj
Hydrocotyle sibthorpioides,Hs
Hydrocotyle umbellata,Hu
Hymenaea courbaril,Hc
Hymenocrater calycinus,Hc
Hymenocrater elegans,He
Hymenocrater platystegius,Hp
Hyoscyamus muticus,Hm
Hyparrhenia rufa,Hr
Hypericum brachyphyllum,Hb
Hypericum chapmanii,Hc
Hypericum cordatum,Hc
Hypericum fasciculatum,Hf
Hypericum frondosum,Hf
Hypericum galioides,Hg
Hypericum hircinum,Hh
Hypericum japonicum,Hj
Hypericum lloydii,Hl
Hypericum nitidum,Hn
Hypericum perforatum,Hp
Hypericum prolificum,Hp
Hypericum tenuifolium,Ht
Hyptidendron canum,Hc
Hyptis conferta,Hc
Hyptis crenata,Hc
Hyptis emoryi,He
Hyptis floribunda,Hf
Hyptis glomerata,Hg
Hyptis marrubioides,Hm
Hyptis martiusii,Hm
Hyptis mutabilis,Hm
Hyptis pectinata,Hp
Hyptis recurvata,Hr
Hyptis spicigera,Hs
Hyptis suaveolens,Hs
Hyptis velutina,Hv
Hyssopus officinalis,Ho
Ichthyothere terminalis,It
Illicium griffithii,Ig
Inula cuspidata,Ic
Inula hupehensis,Ih
Inula oculus-christi,Io
Irvingia barteri,Ib
Isodon eriocalyx,Ie
Isodon japonicus,Ij
Isodon rubescens,Ir
Jatropha curcas,Jc
Johreniopsis seseloides,Js
Juglans regia,Jr
Juniperus cedrus,Jc
Juniperus communis,Jc
Juniperus oxycedrus,Jo
Juniperus phoenicea,Jp
Juniperus thurifera,Jt
Kadenia dubia,Kd
Kadsura oblongifolia,Ko
Kaempferia Angustifolia,KA
Kaempferia galanga,Kg
Kaempferia rotunda,Kr
Kalanchoe daigremontiana,Kd
Kalanchoe fedtschenkoi,Kf
Kalanchoe laxiflora,Kl
Kalopanax septemlobus,Ks
Kelussia odoratissima,Ko
Kitagawia baicalensis,Kb
Klainedoxa gabonensis,Kg
Koanophyllon villosum,Kv
Kunzea affinis,Ka
Kunzea ambigua,Ka
Kunzea baxteri,Kb
Kunzea muelleri,Km
Kunzea parvifolia,Kp
Lactuca sativa,Ls
Laggera pterodonta,Lp
Lallemantia iberica,Li
Lallemantia peltata,Lp
Lantana camara,Lc
Lantana fucata,Lf
Lantana indica,Li
Lantana involucrata,Li
Lapageria rosea,Lr
Laser trilobum,Lt
Laserpitium zernyi,Lz
Laurus nobilis,Ln
Lavandula ×intermedia,L×
Lavandula angustifolia,La
Lavandula coronopifolia,Lc
Lavandula dentata,Ld
Lavandula latifolia,Ll
Lavandula luisieri,Ll
Lavandula officinalis,Lo
Lavandula stoechas,Ls
Lavandula viridis,Lv
Lecythis usitata,Lu
Leersia perrieri,Lp
lemon balm,lb
Leonotis ocymifolia,Lo
Lepechinia floribunda,Lf
Lepechinia meyenii,Lm
Lepechinia paniculata,Lp
Leptocarpha rivularis,Lr
Leptospermum citratum,Lc
Leptospermum coriaceum,Lc
Leptospermum fastigiatum,Lf
Leptospermum liversidgei,Ll
Leptospermum nitens,Ln
Levisticum officinale,Lo
Licaria puchury-major,Lp
Licaria salicifolia,Ls
Licaria triandra,Lt
Ligusticum mutellina,Lm
Limnophila chinensis,Lc
Lindera strychnifolia,Ls
Linum usitatissimum,Lu
Lippia alba,La
Lippia alnifolia,La
Lippia gracilis,Lg
Lippia graveolens,Lg
Lippia javanica,Lj
Lippia sidoides,Ls
Litsea cubeba,Lc
Lomatium brandegeei,Lb
Lomatium dissectum,Ld
Lomatium foeniculaceum,Lf
Lomatium graveolens,Lg
Lomatium grayi,Lg
Lomatium howellii,Lh
Lomatium junceum,Lj
Lomatium nevadense,Ln
Lomatium parryi,Lp
Lomatium rigidum,Lr
Lomatium torreyi,Lt
Lotus japonicus,Lj
Luffa aegyptiaca,La
Luma chequen,Lc
Lupinus albus,La
Lupinus angustifolius,La
Lychnophora pinaster,Lp
Lycopodium clavatum,Lc
Lycopus australis,La
Macleaya cordata,Mc
Maclura pomifera,Mp
Magnolia grandiflora,Mg
Mahonia japonica,Mj
Malabaila aurea,Ma
Malus baccata,Mb
Malus domestica,Md
Manihot esculenta,Me
Manilkara achras,Ma
Mantisalca duriaei,Md
Marchantia polymorpha,Mp
Marchesinia mackaii,Mm
Margyricarpus pinnatus,Mp
Marlierea eugeniopsoides,Me
Marlierea obscura,Mo
Marlierea sylvatica,Ms
Marlierea tomentosa,Mt
Marrubium anisodon,Ma
Marrubium astracanicum,Ma
Marrubium bourgaei,Mb
Marrubium crassidens,Mc
Marrubium parviflorum,Mp
Marrubium peregrinum,Mp
Marrubium propinquum,Mp
Marrubium vulgare,Mv
Marsypianthes chamaedrys,Mc
Matricaria chamomilla,Mc
meadow clary,mc
Medicago truncatula,Mt
Melaleuca alternifolia,Ma
Melaleuca armillaris,Ma
Melaleuca atroviridis,Ma
Melaleuca bracteata,Mb
Melaleuca cajuputi,Mc
Melaleuca concreta,Mc
Melaleuca deanei,Md
Melaleuca decussata,Md
Melaleuca ericifolia,Me
Melaleuca exuvia,Me
Melaleuca hamata,Mh
Melaleuca interioris,Mi
Melaleuca leucadendra,Ml
Melaleuca linariifolia,Ml
Melaleuca minutifolia,Mm
Melaleuca monatha,Mm
Melaleuca quinquenervia,Mq
Melaleuca scalena,Ms
Melaleuca squamophloia,Ms
Melaleuca stereophloia,Ms
Melaleuca styphelioides,Ms
Melaleuca sylvana,Ms
Melaleuca teretifolia,Mt
Melaleuca uncinata,Mu
Melaleuca uxorum,Mu
Melaleuca vinnula,Mv
Melaleuca viridiflora,Mv
Melaleuca zeteticorum,Mz
Melicoccus bijugatusss,Mb
Mentha ×rotundifolia,M×
Mentha aquatica,Ma
Mentha canadensis,Mc
Mentha citrata,Mc
Mentha gracilis,Mg
Mentha grandiflora,Mg
Mentha longifolia,Ml
Mentha piperita,Mp
Mentha pulegium,Mp
Mentha sachalinensis,Ms
Mentha spicata,Ms
Meriandra bengalensis,Mb
Meum athamanticum,Ma
Micromeria biflora,Mb
Micromeria cremnophila,Mc
Micromeria cristata,Mc
Micromeria dalmatica,Md
Micromeria juliana,Mj
Micromeria libanotica,Ml
Micromeria parviflora,Mp
Micromeria persica,Mp
Micromeria pseudocroatica,Mp
Microthlaspi erraticum,Me
Microtoena patchoulii,Mp
Mikania burchellii,Mb
Mikania cordata,Mc
Mikania glomerata,Mg
Mikania involucrata,Mi
Mikania laevigata,Ml
Mikania micrantha,Mm
Mikania paranensis,Mp
Minthostachys mollis,Mm
Minthostachys verticillata,Mv
Mitranthes ottonis,Mo
Mitrantia bilocularis,Mb
Monarda citriodora,Mc
Monarda didyma,Md
Monodora myristica,Mm
Montanoa tomentosa,Mt
Morella pubescens,Mp
Morina longifolia,Ml
Morus notabilis,Mn
Mosiera ehrenbergii,Me
Mosiera longipes,Ml
Murraya koenigii,Mk
Musa acuminata,Ma
Musa balbisiana,Mb
Musa sapientum,Ms
Musa schizocarpa,Ms
Myrceugenia alpigena,Ma
Myrceugenia campestris,Mc
Myrceugenia glaucescens,Mg
Myrceugenia mesomischa,Mm
Myrceugenia miersiana,Mm
Myrceugenia myrcioides,Mm
Myrcia fosteri,Mf
Myrcia laruotteana,Ml
Myrcianthes coquimbensis,Mc
Myrcianthes fragrans,Mf
Myrcianthes osteomeloides,Mo
Myrcianthes pseudomato,Mp
Myrciaria dubia,Md
Myrciaria tenella,Mt
Myrica gale,Mg
Myristica fragrans,Mf
Myrothamnus moschatus,Mm
Myrrhis odorata,Mo
Myrrhoides nodosa,Mn
Myrtus communis,Mc
Nashia inaguensis,Ni
Nasturtium officinale,No
Nelumbo nucifera,Nn
Neofinetia falcata,Nf
Neolitsea australiensis,Na
Neolitsea brassii,Nb
Neolitsea dealbata,Nd
Neolitsea fischeri,Nf
Neomitranthes obscura,No
Nepeta betonicifolia,Nb
Nepeta bornmuelleri,Nb
Nepeta bracteata,Nb
Nepeta cataria,Nc
Nepeta cephalotes,Nc
Nepeta curviflora,Nc
Nepeta denudata,Nd
Nepeta elymaitica,Ne
Nepeta gloeocephala,Ng
Nepeta glomerulosa,Ng
Nepeta govaniana,Ng
Nepeta haussknechtii,Nh
Nepeta heliotropifolia,Nh
Nepeta kotschyi,Nk
Nepeta menthoides,Nm
Nepeta meyeri,Nm
Nepeta mirzayanii,Nm
Nepeta nuda,Nn
Nepeta pannonica,Np
Nepeta pogonosperma,Np
Nepeta rtanjensis,Nr
Nepeta sessilifolia,Ns
Nepeta sibirica,Ns
Nepeta sulfuriflora,Ns
Nepeta trachonitica,Nt
Nicotiana attenuata,Na
Nicotiana benthamiana,Nb
Nicotiana sylvestris,Ns
Nicotiana tomentosiformis,Nt
Nigella damascena,Nd
Nigella sativa,Ns
Nigritella nigra,Nn
Nyssa sinensis,Ns
Ochrosperma lineare,Ol
Ocimum americanum,Oa
Ocimum basilicum,Ob
Ocimum ciliatum,Oc
Ocimum gratissimum,Og
Ocimum micranthum,Om
Ocimum minimum,Om
Ocimum sanctum,Os
Ocimum selloi,Os
Ocimum tenuiflorum,Ot
Oenanthe crocata,Oc
Oenanthe divaricata,Od
Olea europaea,Oe
Oliveria decumbens,Od
Ononis natrix,On
Ophryosporus heptanthus,Oh
Ophryosporus pinifolius,Op
Origanum acutidens,Oa
Origanum adanense,Oa
Origanum bargyli,Ob
Origanum bastetanum,Ob
Origanum boissieri,Ob
Origanum calcaratum,Oc
Origanum cordifolium,Oc
Origanum dayi,Od
Origanum dictamnus,Od
Origanum ehrenbergii,Oe
Origanum elongatum,Oe
Origanum floribundum,Of
Origanum husnucan-baseri,Oh
Origanum hypericifolium,Oh
Origanum intercedens,Oi
Origanum leptocladum,Ol
Origanum majoricum,Om
Origanum minoanum,Om
Origanum minutiflorum,Om
Origanum onites,Oo
Origanum saccatum,Os
Origanum scabrum,Os
Origanum solymicum,Os
Origanum syriacum,Os
Origanum vulgare,Ov
Oropetium thomaeum,Ot
Oryza barthii,Ob
Oryza brachyantha,Ob
Oryza glumipatula,Og
Oryza meridionalis,Om
Oryza meyeriana,Om
Oryza nivara,On
Oryza punctata,Op
Oryza rufipogon,Or
Oryza sativa,Os
Osmanthus fragrans,Of
Otanthus maritimus,Om
Otostegia michauxii,Om
Oxytropis falcata,Of
Ozothamnus diosmifolius,Od
Paeonia emodi,Pe
Panax ginseng,Pg
Pandanus fascicularis,Pf
Pandanus odoratissimus,Po
Panicum hallii,Ph
Panicum miliaceum,Pm
Panicum virgatum,Pv
Papaver somniferum,Ps
Parasponia andersonii,Pa
Parthenium hysterophorus,Ph
Pectis floribunda,Pf
Pelargonium graveolens,Pg
Pentaceras australe,Pa
Pentapleura subulifera,Ps
Peperomia pellucida,Pp
Perilla frutescens,Pf
Perovskia abrotanoides,Pa
Perovskia atriplicifolia,Pa
Persea schiedeana,Ps
Persian lime,Pl
Persicaria hydropiper,Ph
Petiveria alliacea,Pa
Peucedanum cervariifolium,Pc
Peucedanum officinale,Po
Phania cajalbanica,Pc
Phaseolus angularis,Pa
Phaseolus vulgaris,Pv
Phellodendron chinense,Pc
Phellolophium madagascariense,Pm
Philodendron acutatum,Pa
Philodendron fragrantissimum,Pf
Philodendron imbe,Pi
Phlomis aucheri,Pa
Phlomis bourgaei,Pb
Phlomis bracteosa,Pb
Phlomis cancellata,Pc
Phlomis chimerae,Pc
Phlomis elliptica,Pe
Phlomis fruticosa,Pf
Phlomis herba-venti,Ph
Phlomis nissolii,Pn
Phlomis olivieri,Po
Phlomis persica,Pp
Phlomis pungens,Pp
Phlomis rigida,Pr
Phlomis samia,Ps
Phlomis vuralii,Pv
Phyla dulcis,Pd
Physcomitrium patens,Pp
Physocaulis nodosus,Pn
Picea abies,Pa
Picea glauca,Pg
Picea sitchensis,Ps
Pilgerodendron uviferum,Pu
Pilocarpus jaborandi,Pj
Pilocarpus spicatus,Ps
Pilocarpus trachylophus,Pt
Pimenta adenoclada,Pa
Pimenta dioica,Pd
Pimenta pseudocaryophyllus,Pp
Pimpinella acuminata,Pa
Pimpinella affinis,Pa
Pimpinella anisactis,Pa
Pimpinella anisetum,Pa
Pimpinella anisum,Pa
Pimpinella aurea,Pa
Pimpinella barbata,Pb
Pimpinella saxifraga,Ps
Pinus banksiana,Pb
Pinus caribaea,Pc
Pinus contorta,Pc
Pinus insularis,Pi
Pinus laricio,Pl
Pinus merkusii,Pm
Pinus sylvestris,Ps
Pinus taeda,Pt
Piper barbatum,Pb
Piper borbonense,Pb
Piper capense,Pc
Piper cernuum,Pc
Piper chaba,Pc
Piper dactylostigmum,Pd
Piper divaricatum,Pd
Piper longum,Pl
Piper mikanianum,Pm
Piper nigrum,Pn
Piper officinarum,Po
Piper plurinervosum,Pp
Piper vitaceum,Pv
Pistacia atlantica,Pa
Pistacia lentiscus,Pl
Pisum sativum,Ps
Pitaviaster haplophyllus,Ph
Pittosporum tobira,Pt
plant salvia,ps
Platonia insignis,Pi
Platycladus orientalis,Po
Plectranthus amboinicus,Pa
Plectranthus barbatus,Pb
Plectranthus melissoides,Pm
Plectranthus neochilus,Pn
Plinia dermatodes,Pd
Plinia rubrinervis,Pr
Pluchea purpurascens,Pp
Pluchea rosea,Pr
Podachaenium eminens,Pe
Pogostemon cablin,Pc
Pogostemon heyneanus,Ph
Pogostemon travancoricus,Pt
Polygala cyparissias,Pc
Polygala paniculata,Pp
Polylepis besseri,Pb
Polymnia sonchifolia,Ps
Poncirus trifoliata,Pt
Populus alba,Pa
Populus canescens,Pc
Populus deltoides,Pd
Populus tremuloides,Pt
Populus trichocarpa,Pt
Porophyllum ruderale,Pr
Portenschlagiella ramosissima,Pr
Portlandia albiflora,Pa
Portlandia coccinea,Pc
Portlandia grandiflora,Pg
Portlandia proctorii,Pp
Potentilla grandiflora,Pg
Potentilla micrantha,Pm
Pourouma mollis,Pm
Pourouma velutina,Pv
Prangos acaulis,Pa
Prangos bornmuelleri,Pb
Prangos denticulata,Pd
Prangos ferulacea,Pf
Prangos latiloba,Pl
Prangos uechtritzii,Pu
Prangos uloptera,Pu
Prostanthera staurophylla,Ps
Protium apiculatum,Pa
Protium grandifolium,Pg
Protium hebetatum,Ph
Protium heptaphyllum,Ph
Protium paniculatum,Pp
Protium spruceanum,Ps
Protium strumosum,Ps
Protium tenuifolium,Pt
Prunus dulcis,Pd
Prunus persica,Pp
Prunus phaeosticta,Pp
Prunus salicina,Ps
Prunus sibirica,Ps
Prunus yedoensis,Py
Pseudobrickellia brasiliensis,Pb
Pseudolarix amabilis,Pa
Pseudotsuga menziesii,Pm
Psiadia arguta,Pa
Psiadia lucida,Pl
Psidium cattleianum,Pc
Psidium cymosum,Pc
Psidium friedrichsthalinum,Pf
Psidium guajava,Pg
Psidium guineense,Pg
Psidium myrsinites,Pm
Psidium parvifolium,Pp
Psidium salutare,Ps
Psidium sartorianum,Ps
Psidium wrightii,Pw
Psorothamnus scoparius,Ps
Pterocarya fraxinifolia,Pf
Pteryxia terebinthina,Pt
Pueraria montana,Pm
Pulicaria dysenterica,Pd
Pulicaria glutinosa,Pg
Punica granatum,Pg
Pycnocycla bashagardiana,Pb
Pycnocycla musiformis,Pm
Pycnocycla nodiflora,Pn
Pycnocycla spinosa,Ps
Pyrus betulifolia,Pb
Pyrus bretschneideri,Pb
Pyrus communis,Pc
Pyrus pyrifolia,Pp
Pyrus ussuriensis,Pu
Quercus ilex,Qi
Raphanus sativus,Rs
Ravensara aromatica,Ra
Rhabdosciadium petiolare,Rp
Rhizophora stylosa,Rs
Rhododendron anthopogon,Ra
Rhododendron lepidotum,Rl
Rhynchosia minima,Rm
Ribes nigrum,Rn
Ricinus communis,Rc
Ridolfia segetum,Rs
Ristantia gouldii,Rg
Ristantia pachysperma,Rp
Ristantia waterhousei,Rw
Rollinia mucosa,Rm
Rosa abyssinica,Ra
Rosa bourbonia,Rb
Rosa brunonii,Rb
Rosa chinensis,Rc
Rosa foetida,Rf
Rosa hybrid,Rh
Rosa multiflora,Rm
Rosa sinensis,Rs
Rosmarinus eriocalyx,Re
Rosmarinus officinalis,Ro
Rubus chingii,Rc
Rubus occidentalis,Ro
Rubus ulmifolius,Ru
Russowia sogdiana,Rs
Ruta chalepensis,Rc
Ruta graveolens,Rg
Saccocalyx saturejoides,Ss
Salix brachista,Sb
Salix purpurea,Sp
Salvia aethiopis,Sa
Salvia amplexicaulis,Sa
Salvia angulata,Sa
Salvia apiana,Sa
Salvia atropatana,Sa
Salvia aucheri,Sa
Salvia aytachii,Sa
Salvia ballsiana,Sb
Salvia brachyodon,Sb
Salvia chudaei,Sc
Salvia compressa,Sc
Salvia cryptantha,Sc
Salvia cyanescens,Sc
Salvia divaricata,Sd
Salvia divinorum,Sd
Salvia eremophila,Se
Salvia euphratica,Se
Salvia fruticosa,Sf
Salvia glutinosa,Sg
Salvia hypoleuca,Sh
Salvia kronenburgii,Sk
Salvia leriifolia,Sl
Salvia leucantha,Sl
Salvia limbata,Sl
Salvia macrochlamys,Sm
Salvia miltiorrhiza,Sm
Salvia moorcroftiana,Sm
Salvia nemorosa,Sn
Salvia nubicola,Sn
Salvia nydeggeri,Sn
Salvia officinalis,So
Salvia pachystachya,Sp
Salvia palaestina,Sp
Salvia persepolitana,Sp
Salvia pomifera,Sp
Salvia pseudeuphratica,Sp
Salvia recognita,Sr
Salvia rhytidea,Sr
Salvia ringens,Sr
Salvia russellii,Sr
Salvia sahendica,Ss
Salvia sclarea,Ss
Salvia sclareopsis,Ss
Salvia splendens,Ss
Salvia tomentosa,St
Salvia verbascifolia,Sv
Salvia verbenaca,Sv
Salvia verticillata,Sv
Salvia xanthocheila,Sx
Santalum album,Sa
Santalum austrocaledonicum,Sa
Santalum insulare,Si
Santalum macgregorii,Sm
Santalum murrayanum,Sm
Santalum spicatum,Ss
Santolina chamaecyparissus,Sc
Santolina oblongifolia,So
Satureja atropatana,Sa
Satureja bachtiarica,Sb
Satureja boissieri,Sb
Satureja cuneifolia,Sc
Satureja hortensis,Sh
Satureja horvatii,Sh
Satureja icarica,Si
Satureja juliana,Sj
Satureja montana,Sm
Satureja multiflora,Sm
Satureja mutica,Sm
Satureja parnassica,Sp
Satureja pilosa,Sp
Satureja sahendica,Ss
Satureja spinosa,Ss
Satureja subspicata,Ss
Satureja thymbra,St
Satureja viminea,Sv
Satureja visianii,Sv
Scandix iberica,Si
Schinus molle,Sm
Schizonepeta annua,Sa
Scleria hirtella,Sh
Sclerorhachis platyrachis,Sp
Scorzonera undulata,Su
Scutellaria albida,Sa
Scutellaria californica,Sc
Scutellaria pinnatifida,Sp
Scutellaria repens,Sr
Scutellaria rupestris,Sr
Scutellaria sieberi,Ss
Scutellaria volubilis,Sv
Selaginella moellendorffii,Sm
Semenovia dichotoma,Sd
Semenovia suffruticosa,Ss
Semenovia tragioides,St
Senecio adenotrichius,Sa
Senecio farfarifolius,Sf
Senecio royleanus,Sr
Senecio rufinervis,Sr
Senecio squalidus,Ss
Senecio zoellneri,Sz
Seseli buchtormense,Sb
Seseli campestre,Sc
Seseli peucedanoides,Sp
Seseli resinosum,Sr
Seseli rigidum,Sr
Seseli tortuosum,St
Setaria italica,Si
Setaria viridis,Sv
Sideritis argyrea,Sa
Sideritis clandestina,Sc
Sideritis congesta,Sc
Sideritis hololeuca,Sh
Sideritis montana,Sm
Sideritis pusilla,Sp
Sideritis raeseri,Sr
Sideritis scardica,Ss
Sideritis sipylea,Ss
Sideritis stricta,Ss
Sideritis syriaca,Ss
Sideritis taurica,St
Silphium integrifolium,Si
Siparuna guianensis,Sg
Siparuna thecaphora,St
Siraitia grosvenorii,Sg
Sium latifolium,Sl
Smallanthus maculatus,Sm
Smyrnium cordifolium,Sc
Solanum chilense,Sc
Solanum habrochaites,Sh
Solanum lycopersicum,Sl
Solanum melongena,Sm
Solanum pennellii,Sp
Solanum pimpinellifolium,Sp
Solanum tuberosum,St
Solidago decurrens,Sd
Solidago litoralis,Sl
Solidago puberula,Sp
Solidago virgaurea,Sv
Sorghum bicolor,Sb
Sphaeranthus indicus,Si
Sphaerantia chartacea,Sc
Sphaerantia discolor,Sd
Sphagneticola trilobata,St
Sphagnum fallax,Sf
Spilanthes acmella,Sa
Spinacia oleracea,So
Spirodela polyrhiza,Sp
Stachys acerosa,Sa
Stachys asterocalyx,Sa
Stachys benthamiana,Sb
Stachys byzantina,Sb
Stachys circinata,Sc
Stachys corsica,Sc
Stachys lavandulifolia,Sl
Stachys milanii,Sm
Stachys multicaulis,Sm
Stachys obtusicrena,So
Stachys officinalis,So
Stachys persica,Sp
Stachys pilifera,Sp
Stachys recta,Sr
Stachys schtschegleevii,Ss
Steganotaenia araliacea,Sa
Stenotaenia nudicaulis,Sn
Sterculia tragacantha,St
Stevia rebaudiana,Sr
Striga asiatica,Sa
Sundacarpus amarus,Sa
sweet potato,sp
Syzygium aromaticum,Sa
Syzygium cordatum,Sc
Syzygium gardneri,Sg
Syzygium malaccense,Sm
Tagetes erecta,Te
Tagetes filifolia,Tf
Tagetes lucida,Tl
Tagetes minuta,Tm
Tagetes multiflora,Tm
Tagetes patula,Tp
Tagetes tenuifolia,Tt
Talauma ovata,To
Talisia esculenta,Te
Tamarindus indica,Ti
Tanacetum annuum,Ta
Tanacetum balsamita,Tb
Tanacetum cadmeum,Tc
Tanacetum cinerariifolium,Tc
Tanacetum densum,Td
Tanacetum khorassanicum,Tk
Tanacetum larvatum,Tl
Tanacetum macrophyllum,Tm
Tanacetum nubigenum,Tn
Tanacetum parthenium,Tp
Tanacetum polycephalum,Tp
Tanacetum vulgare,Tv
Taxodium distichum,Td
Taxus baccata,Tb
Taxus brevifolia,Tb
Taxus wallichiana,Tw
Tephrosia cinerea,Tc
Tephrosia densiflora,Td
Tephrosia egregia,Te
Tephrosia persica,Tp
Tephrosia vogelii,Tv
Tessaria absinthioides,Ta
Tetraclinis articulata,Ta
Teucrium alopecurus,Ta
Teucrium antitauricum,Ta
Teucrium arduinii,Ta
Teucrium atratum,Ta
Teucrium botrys,Tb
Teucrium carolipaui,Tc
Teucrium chamaedrys,Tc
Teucrium creticum,Tc
Teucrium flavum,Tf
Teucrium mascatense,Tm
Teucrium massiliense,Tm
Teucrium melissoides,Tm
Teucrium montanum,Tm
Teucrium multicaule,Tm
Teucrium orientale,To
Teucrium persicum,Tp
Teucrium pestalozzae,Tp
Teucrium polium,Tp
Teucrium sandrasicum,Ts
Teucrium scordium,Ts
Teucrium stocksianum,Ts
Thamnosciadium junceum,Tj
Thamnosma montana,Tm
Thapsia garganica,Tg
Thapsia maxima,Tm
Thapsia villosa,Tv
Theobroma bicolor,Tb
Theobroma cacao,Tc
Thevetia peruviana,Tp
Thryptomene hexandra,Th
Thryptomene oligandra,To
Thryptomene parviflora,Tp
Thymbra capitata,Tc
Thymbra spicata,Ts
Thymus albicans,Ta
Thymus algeriensis,Ta
Thymus arundanus,Ta
Thymus atticus,Ta
Thymus baeticus,Tb
Thymus bracteosus,Tb
Thymus canoviridis,Tc
Thymus capitatus,Tc
Thymus carnosus,Tc
Thymus caucasicus,Tc
Thymus cilicicus,Tc
Thymus daenensis,Td
Thymus fallax,Tf
Thymus fedtschenkoi,Tf
Thymus fontanesii,Tf
Thymus herba-barona,Th
Thymus kotschyanus,Tk
Thymus leucostomus,Tl
Thymus longicaulis,Tl
Thymus mastichina,Tm
Thymus munbyanus,Tm
Thymus numidicus,Tn
Thymus oblongifolius,To
Thymus pallescens,Tp
Thymus pallidus,Tp
Thymus pectinatus,Tp
Thymus persicus,Tp
Thymus pubescens,Tp
Thymus pulegioides,Tp
Thymus richardii,Tr
Thymus roegneri,Tr
Thymus saturejoides,Ts
Thymus spinulosus,Ts
Thymus striatus,Ts
Thymus subcollinus,Ts
Thymus vulgaris,Tv
Thymus zygioides,Tz
Thymus zygis,Tz
Tordylium aegyptiacum,Ta
Tordylium apulum,Ta
Tordylium hasselquistiae,Th
Tordylium lanatum,Tl
Tordylium pestalozzae,Tp
Tordylium pustulosum,Tp
Tordylium syriacum,Ts
Tordylium trachycarpum,Tt
Torilis arvensis,Ta
Trachyspermum ammi,Ta
Trachyspermum roxburghianum,Tr
Trema orientale,To
Trifolium medium,Tm
Trifolium pratense,Tp
Trinia glauca,Tg
Tripterygium wilfordii,Tw
Tristania neriifolia,Tn
Tristaniopsis collina,Tc
Tristaniopsis exiliflora,Te
Tristaniopsis laurina,Tl
Triticum aestivum,Ta
Triticum turgidum,Tt
Triticum urartu,Tu
Ulva rigida,Ur
unresolved name,un
Uvariodendron calophyllum,Uc
Valeriana alpestris,Va
Valeriana hardwickii,Vh
Valeriana jatamansi,Vj
Valeriana officinalis,Vo
Varthemia persica,Vp
Vernonia migeodii,Vm
Vernonia perrottetii,Vp
Vigna angularis,Va
Vigna exilis,Ve
Vigna indica,Vi
Vigna marina,Vm
Vigna minima,Vm
Vigna mungo,Vm
Vigna radiata,Vr
Vigna riukiuensis,Vr
Vigna stipulacea,Vs
Vigna trilobata,Vt
Vigna unguiculata,Vu
Vigna vexillata,Vv
Viguiera dentata,Vd
Vitex agnus-castus,Va
Viticipremna queenslandica,Vq
Vitis vinifera,Vv
Water mint,Wm
Waterhousea floribunda,Wf
Waterhousea hedraiophylla,Wh
Waterhousea mulgraveana,Wm
Waterhousea unipunctata,Wu
Wax gourd,Wg
Welsh onion,Wo
Xanthium brasilicum,Xb
Xanthium strumarium,Xs
Xanthogalum purpurascens,Xp
Xanthostemon arenarius,Xa
Xanthostemon chrysanthus,Xc
Xanthostemon crenulatus,Xc
Xanthostemon eucalyptoides,Xe
Xanthostemon formosus,Xf
Xanthostemon oppositifolius,Xo
Xanthostemon paradoxus,Xp
Xanthostemon psidioides,Xp
Xanthostemon umbrosus,Xu
Xanthostemon verticillatus,Xv
Xanthostemon whitei,Xw
Xanthostemon youngii,Xy
Xeranthemum annuum,Xa
Xylopia aethiopica,Xa
Xylopia aromatica,Xa
Xylopia brasiliensis,Xb
Xylopia frutescens,Xf
Yulania denudata,Yd
Zanthoxylum brachyacanthum,Zb
Zanthoxylum ekmanii,Ze
Zanthoxylum limonella,Zl
Zanthoxylum nitidum,Zn
Zanthoxylum ovalifolium,Zo
Zanthoxylum parviflorum,Zp
Zanthoxylum pinnatum,Zp
Zanthoxylum procerum,Zp
Zanthoxylum rhetsa,Zr
Zanthoxylum syncarpum,Zs
Zanthoxylum veneficum,Zv
Zanthoxylum zanthoxyloides,Zz
Zataria multiflora,Zm
Zea diploperennis,Zd
Zea mays,Zm
Zea perennis,Zp
Zhumeria majdae,Zm
Zingiber neesanum,Zn
Zingiber officinale,Zo
Zingiber zerumbet,Zz
Zinnia elegans,Ze
Ziziphora clinopodioides,Zc
Ziziphora persica,Zp
Ziziphus spina-christi,Zs
Zostera marina,Zm
