Scientific Name,Abbreviation,Wikidata ID
Abies alba,Aa,Q146992
Abies balsamea,Ab,
Abies borisii-regis,Ab,Q149327
Abies cephalonica,Ac,Q854892
Abies grandis,Ag,
Abies sachalinensis,As,Q1520125
Acacia caven,Ac,Q3299543
Acacia nuperrima,An,Q9567461
Acalypha segetalis,As,Q9575325
Acer yangbiense,Ay,
Achillea abrotanoides,Aa,Q14946568
Achillea ageratum,Aa,Q285796
Achillea alexandri-regis,Aa,Q15585589
Achillea atrata,Aa,Q362318
Achillea biebersteinii,Ab,Q15260715
Achillea chrysocoma,Ac,Q15585914
Achillea clavennae,Ac,Q878976
Achillea clypeolata,Ac,Q15586366
Achillea coarctata,Ac,Q15583890
Achillea collina,Ac,Q15257146
Achillea crithmifolia,Ac,Q15586894
Achillea filipendulina,Af,Q383705
Achillea goniocephala,Ag,Q15584736
Achillea holosericea,Ah,Q15586077
Achillea lingulata,Al,Q15585943
Achillea millefolium,Am,Q25408
Achillea nobilis,An,Q1285422
Achillea oligocephala,Ao,Q12234011
Achillea pseudoaleppica,Ap,Q15585297
Achillea schischkinii,As,Q15585800
Achillea sieheana,As,Q15586950
Achillea stricta,As,Q38699594
Achillea talagonica,At,Q15587094
Achillea tenuifolia,At,Q15587699
Achillea vermicularis,Av,Q15590859
Acorus calamus,Ac,Q158008
Actinidia chinensis,Ac,Q163522
Aegilops tauschii,At,
Aeollanthus myrianthus,Am,Q15338739
Aeollanthus parvifolius,Ap,Q15339157
Aeollanthus pubescens,Ap,Q15339572
Aeollanthus suaveolens,As,Q15339026
Aframomum citratum,Ac,Q15317883
Aframomum corrorima,Ac,Q4689432
Aframomum exscapum,Ae,Q15318252
Aframomum letestuanum,Al,Q15318723
Aframomum melegueta,Am,Q1503476
Aframomum pruinosum,Ap,Q15318559
African blue,Ab,
Agastache foeniculum,Af,Q1264088
Ageratina havanensis,Ah,Q4692124
Ageratum conyzoides,Ac,Q1949712
Ajuga chamaecistus,Ac,Q15339458
Ajuga chamaepitys,Ac,Q158310
Alchemilla alpina,Aa,Q162477
Alkanna orientalis,Ao,Q12234590
Allamanda cathartica,Ac,Q1345632
Allium sativum,As,Q23400
Alococarpum erianthum,Ae,Q4734111
Aloysia gratissima,Ag,Q2421262
Aloysia triphylla,At,Q52626960
Alpinia calcarata,Ac,Q13111964
Alpinia galanga,Ag,Q402971
Alpinia laosensis,Al,Q55812799
Alpinia malaccensis,Am,Q8143524
Alpinia nutans,An,Q2249633
Alpinia purpurata,Ap,Q311172
Alpinia smithiae,As,Q15319876
Alpinia zerumbet,Az,Q2703227
Amaranthus hypochondriacus,Ah,
Amborella trichopoda,At,
Ambrosia artemisiifolia,Aa,Q682164
Ambrosia hispida,Ah,Q15584660
Ambrosia microcephala,Am,Q15583362
Ammodaucus leucotrichus,Al,Q15561134
Ammoides atlantica,Aa,Q15561305
Ammoides pusilla,Ap,Q15561387
Amyris elemifera,Ae,Q4749581
Anacardium humile,Ah,Q13853283
Anacardium occidentale,Ao,
Anacyclus pyrethrum,Ap,Q1855185
Ananas comosus,Ac,
Anaphalis contorta,Ac,Q11085386
Andaliman ,A,
Anemia tomentosa,At,Q17043137
Anethum graveolens,Ag,Q26686
Angelica acutiloba,Aa,Q4387987
Angelica archangelica,Aa,Q207745
Angelica glauca,Ag,Q15562184
Angelica sylvestris,As,Q958823
Aniba riparia,Ar,Q15612304
Aniba rosaeodora,Ar,Q2235214
Aniba terminalis,At,Q15603511
Annona cherimolia,Ac,Q50968899
Annona glabra,Ag,Q2353550
Annona montana,Am,Q311448
Annona reticulata,Ar,Q472653
Anthemis altissima,Aa,Q15570652
Anthemis carpatica,Ac,Q4771600
Anthemis tinctoria,At,Q925164
Anthocleista vogelii,Av,Q15607440
Anthriscus cerefolium,Ac,Q218462
Antirrhinum majus,Am,
Anvillea garcinii,Ag,Q6631840
Apostasia shenzhenica,As,
Aquilaria agallocha,Aa,Q50827286
Aquilaria crassna,Ac,
Aquilegia coerulea,Ac,
Arabidopsis halleri,Ah,
Arabidopsis lyrata,Al,
Arabidopsis thaliana,At,Q158695
Arabis alpina,Aa,
Arabis nemorensis,An,
Arachis hypogaea,Ah,
Argania spinosa,As,Q379746
Arnica montana,Am,Q207848
Artedia squamata,As,Q2494675
Artemisia absinthium,Aa,Q25686
Artemisia afra,Aa,Q2716370
Artemisia annua,Aa,Q1308044
Artemisia arborescens,Aa,Q309692
Artemisia armeniaca,Aa,Q15471012
Artemisia aucheri,Aa,Q38778328
Artemisia barrelieri,Ab,Q14947448
Artemisia caerulescens,Ac,Q15696794
Artemisia campestris,Ac,Q783863
Artemisia chamaemelifolia,Ac,Q13560518
Artemisia ciniformis,Ac,Q15469652
Artemisia copa,Ac,Q15470405
Artemisia deserti,Ad,Q15469526
Artemisia diffusa,Ad,Q12832366
Artemisia eriantha,Ae,Q9182669
Artemisia ferganensis,Af,Q15471687
Artemisia fragrans,Af,Q15475258
Artemisia gallica,Ag,Q21075108
Artemisia gmelinii,Ag,Q1532907
Artemisia gypsacea,Ag,Q15470655
Artemisia haussknechtii,Ah,Q15469794
Artemisia herba-alba,Ah,Q135698
Artemisia incana,Ai,Q15470920
Artemisia judaica,Aj,Q12198769
Artemisia kopetdaghensis,Ak,Q15471025
Artemisia maritima,Am,Q27978
Artemisia myriantha,Am,Q10933052
Artemisia nilagirica,An,Q10906604
Artemisia persica,Ap,Q10885014
Artemisia roxburghiana,Ar,Q15226807
Artemisia santolina,As,Q15477386
Artemisia scoparia,As,Q426647
Artemisia sieberi,As,Q28934733
Artemisia splendens,As,Q15471878
Artemisia stelleriana,As,Q2862331
Artemisia subdigitata,As,Q15472433
Artemisia verlotiorum,Av,Q3915744
Artemisia vulgaris,Av,Q26663
Asparagus officinalis,Ao,
Aspilia africana,Aa,Q15587293
Astartea leptophylla,Al,Q41776531
Aster ageratoides,Aa,Q2912230
Aster tataricus,At,
Astrodaucus orientalis,Ao,Q15475244
Astrodaucus persicus,Ap,Q15475249
Astydamia latifolia,Al,Q2006163
Atalantia buxifolia,Ab,
Atalantia roxburghiana,Ar,Q15389478
Athamanta sicula,As,Q15565672
Athamanta turbith,At,Q4813192
Athrotaxis cupressoides,Ac,Q245878
Athrotaxis selaginoides,As,Q944853
Austrian leopard's,Al,
Austrocedrus chilensis,Ac,Q12981787
Baccharis articulata,Ba,Q5716024
Baccharis coridifolia,Bc,Q5403824
Baccharis dracunculifolia,Bd,Q4838634
Baccharis elaeoides,Be,Q15590794
Baccharis halimifolia,Bh,Q948018
Baccharis linearis,Bl,Q4838645
Baccharis magellanica,Bm,Q44917693
Baccharis obovata,Bo,Q15590941
Baccharis racemosa,Br,Q15589731
Baccharis salicifolia,Bs,Q4838650
Baccharis tenella,Bt,Q38774116
Baccharis tricuneata,Bt,Q15545532
Backhousia citriodora,Bc,Q2708073
Backhousia enata,Be,Q15395189
Backhousia myrtifolia,Bm,Q4839673
Ballota aucheri,Ba,Q15345366
Barbarea vulgaris,Bv,
Barongia lophandra,Bl,Q15396422
Bauhinia ungulata,Bu,Q5723686
Becium grandiflorum,Bg,Q50984221
Berula erecta,Be,Q195416
Beta vulgaris,Bv,
Betula platyphylla,Bp,
Bidens alba,Ba,Q2901708
Bidens cernua,Bc,Q27501
Bidens gardneri,Bg,Q15591283
Bidens pilosa,Bp,Q814421
Bidens tripartita,Bt,Q673334
Bifora radians,Br,Q630904
Bixa orellana,Bo,Q147701
black cardamom,bc,Q1369048
Black raspberry,Br,
Blepharocalyx giganteus,Bg,Q50828147
Blepharocalyx salicifolius,Bs,Q5648537
Bocageopsis multiflora,Bm,Q15399148
Boechera stricta,Bs,
Boesenbergia pandurata,Bp,Q50829149
Bombycilaena erecta,Be,Q5731874
Bottle gourd,Bg,
Bowdichia virgilioides,Bv,Q10374652
Brachypodium distachyon,Bd,
Brachypodium hybridum,Bh,
Brachypodium stacei,Bs,
Brachypodium sylvaticum,Bs,
Brachystegia nigerica,Bn,Q1093517
Brassica campestris,Bc,
Brassica cretica,Bc,
Brassica napus,Bn,
Brassica oleracea,Bo,Q146212
Brassica rapa,Br,
breckland thyme,bt,Q147251
Bruguiera gymnorhiza,Bg,
Bryophyllum pinnatum,Bp,Q19849795
Bunium cylindricum,Bc,Q15566259
Bunium persicum,Bp,Q925373
Bupleurum bicaule,Bb,Q12848887
Bupleurum chinense,Bc,Q1031631
Bupleurum fruticosum,Bf,Q946581
Bupleurum gibraltarium,Bg,Q8253642
Bupleurum longicaule,Bl,Q15593691
Bupleurum malconense,Bm,Q15231626
Bupleurum marginatum,Bm,Q15231627
Bupleurum microcephalum,Bm,Q15231629
Bupleurum rigidum,Br,Q8253657
Bupleurum scorzonerifolium,Bs,Q15231634
Bupleurum smithii,Bs,Q11179174
Bupleurum wenchuanense,Bw,Q11137383
Bupleurum yinchowense,By,Q15239101
Bursera aromatica,Ba,Q5000600
Bursera hollickii,Bh,Q5000601
Bursera microphylla,Bm,Q2367282
Cachrys alpina,Ca,Q17132966
Cachrys ferulacea,Cf,Q3649373
Cachrys trifida,Ct,Q17133099
Caesalpinia violacea,Cv,Q15489888
Cajanus cajan,Cc,
Calamintha nepeta,Cn,Q164271
Calamintha tauricola,Ct,Q39071376
Calamintha vardarensis,Cv,Q39071915
Calendula officinalis,Co,Q145930
Callistemon acuminatus,Ca,Q15395266
Callistemon chisholmii,Cc,Q15395429
Callistemon citrinus,Cc,Q1028271
Callistemon comboynensis,Cc,Q5022779
Callistemon flavovirens,Cf,Q15395673
Callistemon formosus,Cf,Q15395755
Callistemon forresterae,Cf,Q15395859
Callistemon genofluvialis,Cg,Q15395945
Callistemon glaucus,Cg,Q954151
Callistemon kenmorrisonii,Ck,Q5022780
Callistemon linearifolius,Cl,Q5022776
Callistemon linearis,Cl,Q5022778
Callistemon macropunctatus,Cm,Q2934256
Callistemon montanus,Cm,Q5022781
Callistemon pachyphyllus,Cp,Q5022783
Callistemon pallidus,Cp,Q6811063
Callistemon pauciflorus,Cp,Q5022784
Callistemon pearsonii,Cp,Q5022785
Callistemon phoeniceus,Cp,Q5022786
Callistemon pinifolius,Cp,Q5022787
Callistemon pityoides,Cp,Q5022788
Callistemon polandii,Cp,Q15395415
Callistemon pungens,Cp,Q5022789
Callistemon recurvus,Cr,Q5022790
Callistemon rigidus,Cr,Q3460171
Callistemon salignus,Cs,Q5022796
Callistemon shiressii,Cs,Q15394976
Callistemon sieberi,Cs,Q13897352
Callistemon subulatus,Cs,Q5022792
Callistemon viminalis,Cv,Q2512308
Calycolpus australis,Ca,Q15395601
Calyptranthes microphylla,Cm,Q15395223
Calyptranthes sintenisii,Cs,Q15396522
Camellia brevistyla,Cb,
Camellia hiemalis,Ch,
Camellia sinensis,Cs,
Campomanesia adamantium,Ca,Q15396461
Campomanesia guaviroba,Cg,Q15396674
Campomanesia phaea,Cp,Q5028502
Campomanesia pubescens,Cp,Q8261233
Campomanesia sessiliflora,Cs,Q15396182
Campomanesia xanthocarpa,Cx,Q10989015
Cannabis sativa,Cs,Q26726
Capsella grandiflora,Cg,
Capsella rubella,Cr,
Capsicum annum,Ca,
Capsicum annuum,Ca,
Capsicum baccatum,Cb,
Capsicum chinense,Cc,
Carduus pycnocephalus,Cp,Q2700500
Carica papaya,Cp,Q34887
Carpinus fangiana,Cf,
Carum carvi,Cc,Q26811
Carum copticum,Cc,Q17133820
Carum graecum,Cg,Q15567640
Caryopteris odorata,Co,Q15246141
Cassinia laevis,Cl,Q15559963
Cassinia quinquefaria,Cq,Q15561038
Cassytha filiformis,Cf,Q2941329
Cassytha pubescens,Cp,Q5049527
Catharanthus roseus,Cr,
Cayratia japonica,Cj,Q1023841
Cedrela odorata,Co,Q163004
Centaurea aphrodisea,Ca,Q15562713
Centaurea athoa,Ca,Q15563733
Centaurea calcitrapa,Cc,Q1763537
Centaurea depressa,Cd,Q5059017
Centaurea hyalolepis,Ch,Q1053486
Centaurea iberica,Ci,Q1022250
Centaurea luschaniana,Cl,Q15567195
Centaurea paniculata,Cp,Q5760617
Centaurea polyclada,Cp,Q15568837
Centaurea rupestris,Cr,Q15427994
Centaurea solstitialis,Cs,Q2068262
Centaurea tossiensis,Ct,Q15572119
Centaurea wagenitzii,Cw,Q15573169
Centaurium erythraea,Ce,Q156870
Centratherum punctatum,Cp,Q15546599
Cephalotus follicularis,Cf,
Cerastium candidissimum,Cc,Q4539292
Cerasus yedoensis,Cy,
Chaerophyllum crinitum,Cc,Q15569617
Chaerophyllum macropodum,Cm,Q15569866
Chaerophyllum macrospermum,Cm,Q15570029
Chaerophyllum prescottii,Cp,Q11083819
Chamaecyparis lawsoniana,Cl,Q161360
Chamaemelum Nobile,CN,
Chamomilla recutita,Cr,Q50837010
Chenopodium ambrosioides,Ca,Q15251066
Chenopodium quinoa,Cq,
Chinese Wedelia,CW,Q13423518
Chrysopogon aucheri,Ca,Q15512750
Chrysopogon zizanioides,Cz,Q378568
Chrysothamnus nauseosus,Cn,Q15629521
Chrysothamnus pulchellus,Cp,Q15595009
Chukrasia tabularis,Ct,Q12701073
Cicer arietinum,Ca,Q81375
Cicer reticulatum,Cr,
Cichorium intybus,Ci,
Cinnamomum angustifolium,Ca,Q15603772
Cinnamomum aureofulvum,Ca,Q15604943
Cinnamomum durifolium,Cd,Q18074967
Cinnamomum iners,Ci,Q10933978
Cinnamomum magnificum,Cm,Q18081794
Cinnamomum micranthum,Cm,
Cinnamomum montanum,Cm,Q15606439
Cinnamomum sericans,Cs,Q15607097
Cinnamomum tenuipile,Ct,
Cinnamomum verum,Cv,
Cinnamomum zeylanicum,Cz,Q12892282
Cinnamosma fragrans,Cf,Q17243958
Cirsium japonicum,Cj,Q5708539
Cistus creticus,Cc,
Cistus monspeliensis,Cm,Q1414643
Citrofortunella microcarpa,Cm,
Citrullus lanatus,Cl,Q17507129
Citrus aurantium,Ca,
Citrus australasica,Ca,Q141953
Citrus clementina,Cc,
Citrus japonica,Cj,
Citrus junos,Cj,
Citrus limon,Cl,
Citrus maxima,Cm,Q80024
Citrus medica,Cm,
Citrus reticulata,Cr,
Citrus sinensis,Cs,
Citrus unshiu,Cu,Q875262
Clarkia breweri,Cb,
Cleome coluteoides,Cc,Q15516860
Clinopodium brownei,Cb,Q4256977
Clinopodium menthifolium,Cm,Q198339
Clinopodium thymifolium,Ct,Q15312233
Clusia nemorosa,Cn,Q15353965
Coatesia paniculata,Cp,Q18076143
Coespeletia spicata,Cs,Q15548660
Coespeletia thyrsiformis,Ct,Q15548673
Coffea arabica,Ca,
Coffea canephora,Cc,
Coleus aromaticus,Ca,Q26085085
Colquhounia coccinea,Cc,Q11153450
Commiphora myrrha,Cm,Q164609
Conyza albida,Ca,Q14905792
Conyza bonariensis,Cb,Q2453589
Conyza canadensis,Cc,Q794305
Copaifera langsdorffii,Cl,Q311446
Copaifera reticulata,Cr,Q15529789
Corchorus capsularis,Cc,
Corchorus olitorius,Co,
Cordia leucocephala,Cl,Q15578124
Coriandrum sativum,Cs,Q41611
Coridothymus capitatus,Cc,Q28935003
Corn mint,Cm,Q160585
Corymbia citriodora,Cc,Q2549523
Cosmos sulphureus,Cs,Q1209998
Couroupita guianensis,Cg,Q161823
Craniotome furcata,Cf,Q15229414
Crassocephalum biafrae,Cb,Q5182504
Crassocephalum bougheyanum,Cb,Q5182506
Crassocephalum crepidioides,Cc,Q1027615
Crassocephalum mannii,Cm,Q43292503
Crassocephalum montuosum,Cm,Q15563380
Crassocephalum rubens,Cr,Q5182508
Crinum latifolium,Cl,Q3013446
Crithmum maritimum,Cm,Q1136311
Croton cajucara,Cc,Q3004060
Croton campestris,Cc,Q3004074
Croton flavens,Cf,Q3004324
Croton jimenezii,Cj,Q3004531
Croton oligandrus,Co,Q3004848
Croton sacaquinha,Cs,Q3005085
Croton sonderianus,Cs,Q3005165
Croton zehntneri,Cz,Q3005418
Cucumber sativus,Cs,
Cucumis melo,Cm,
Cucumis sativus,Cs,
Cucurbita maxima,Cm,
Cucurbita moschata,Cm,
Cucurbita pepo,Cp,
Cunila angustifolia,Ca,Q15313874
Cunila galioides,Cg,Q15313900
Cunila spicata,Cs,Q15314250
Cupressus arizonica,Ca,Q670040
Cupressus atlantica,Ca,Q20731329
Cupressus cashmeriana,Cc,Q917216
Cupressus chengiana,Cc,Q138044
Cupressus duclouxiana,Cd,Q138085
Cupressus funebris,Cf,Q149709
Cupressus guadalupensis,Cg,Q1552597
Cupressus macnabiana,Cm,Q1144379
Cupressus macrocarpa,Cm,Q1137183
Cupressus sempervirens,Cs,Q147513
Cupressus tonkinensis,Ct,Q17165436
Cupressus torulosa,Ct,Q1619002
Curcuma aeruginosa,Ca,Q3517919
Curcuma angustifolia,Ca,Q3596013
Curcuma haritha,Ch,Q15327013
Curcuma leucorrhiza,Cl,Q15326336
Curcuma longa,Cl,Q42562
Cuscuta australis,Ca,
Cyclotrichium leucotrichum,Cl,Q15314243
Cyclotrichium straussii,Cs,Q15314023
Cymbocarpum wiedemannii,Cw,Q15570317
Cymbopogon afronardus,Ca,Q50832830
Cymbopogon citratus,Cc,Q33913
Cymbopogon distans,Cd,Q15514822
Cymbopogon flexuosus,Cf,Q6331754
Cymbopogon giganteus,Cg,Q15515143
Cymbopogon martinii,Cm,Q2671107
Cymbopogon microstachys,Cm,Q15245750
Cymbopogon proximus,Cp,Q5199493
Cymbopogon winterianus,Cw,Q11107842
Cynara cardunculus,Cc,Q7186137
Cyperus esculentus,Ce,Q1165724
Cyperus maculatus,Cm,Q15533332
Cyperus rotundus,Cr,Q1391422
Daphnandra apatela,Da,Q5221582
Daphnandra johnsonii,Dj,Q5221584
Daphnandra melasmena,Dm,Q5221583
Daphnandra micrantha,Dm,Q5221586
Daphnandra repandula,Dr,Q15540008
Daphnandra tenuipes,Dt,Q5221587
Daucus carota,Dc,Q30056
Daucus littoralis,Dl,Q12205358
Decaspermum humile,Dh,Q5248751
Decaspermum struckoilicum,Ds,Q15395874
Dendrobium catenatum,Dc,
Dennettia tripetala,Dt,Q8469603
Desmos goezeanus,Dg,Q15355389
Desmos wardianus,Dw,Q15355465
Dianthus caryophyllus,Dc,
Dichanthelium oligosanthes,Do,
Dictamnus albus,Da,Q157755
Dicyclophora persica,Dp,Q15571864
Diospyros blancoi,Db,Q571266
Diplotaenia cachrydifolia,Dc,Q15571860
Dipteryx odorata,Do,Q901484
Dittrichia graveolens,Dg,Q311840
Dorcoceras hygrometricum,Dh,
Dracocephalum aucheri,Da,Q15317580
Dracocephalum kotschyi,Dk,Q15317556
Dracocephalum moldavica,Dm,Q163045
Dracocephalum speciosum,Ds,Q21256159
Drimys brasiliensis,Db,Q17246744
Dryopteris crassirhizoma,Dc,
Ducrosia anethifolia,Da,Q12207377
Ducrosia assadii,Da,Q15572055
Echinacea purpurea,Ep,Q272661
Echinophora carvifolia,Ec,Q15572960
Echinophora cinerea,Ec,Q15573192
Echinophora lamondiana,El,Q15573332
Echinophora orientalis,Eo,Q15573438
Echinophora platyloba,Ep,Q15573521
Echinophora tenuifolia,Et,Q12843181
Echinophora tournefortii,Et,Q15572132
Echinophora trichophylla,Et,Q15572230
Echinops graecus,Eg,Q12233808
Elettariopsis elan,Ee,Q15327478
Elsholtzia blanda,Eb,Q10925060
Elsholtzia ciliata,Ec,Q1357371
Elsholtzia densa,Ed,Q4531529
Elsholtzia fruticosa,Ef,Q11174323
Ensete glaucum,Eg,
Ensete ventricosum,Ev,
Eragrostis curvula,Ec,
Erechtites hieracifolia,Eh,15588334
Eremostachys adenantha,Ea,Q15320237
Eremostachys macrophylla,Em,Q12849139
Erica manipuliflora,Em,Q3731564
Erigeron acris,Ea,Q2140433
Erigeron annuus,Ea,Q849411
Erigeron floribundus,Ef,Q10933067
Eryngium billardieri,Eb,Q15573657
Eryngium bungei,Eb,Q15575051
Eryngium caeruleum,Ec,Q17139254
Eryngium expansum,Ee,Q15575687
Eryngium foetidum,Ef,Q1146782
Eryngium palmatum,Ep,Q15576105
Eryngium paludosum,Ep,Q15576610
Eryngium pandanifolium,Ep,Q5837281
Eryngium paniculatum,Ep,Q8777465
Eryngium rostratum,Er,Q15575938
Eryngium serbicum,Es,Q15576828
Eryngium vesiculosum,Ev,Q15578150
Erythranthe guttata,Eg,
Eschweilera coriacea,Ec,Q10327268
Espeletia batata,Eb,Q15594814
Eucalyptus alba,Ea,Q717857
Eucalyptus albens,Ea,Q2559087
Eucalyptus blakelyi,Eb,Q2069230
Eucalyptus camaldulensis,Ec,Q162822
Eucalyptus citriodora,Ec,Q24852935
Eucalyptus cladocalyx,Ec,Q5405566
Eucalyptus crucis,Ec,Q15396352
Eucalyptus dalrympleana,Ed,Q159839
Eucalyptus dealbata,Ed,Q4529684
Eucalyptus deanei,Ed,Q2068758
Eucalyptus decaisneana,Ed,Q65938274
Eucalyptus deglupta,Ed,Q2704355
Eucalyptus dives,Ed,Q2559069
Eucalyptus dura,Ed,Q15397379
Eucalyptus gigantangion,Eg,Q15401138
Eucalyptus globulus,Eg,Q159528
Eucalyptus grandis,Eg,Q482510
Eucalyptus gunnii,Eg,Q163788
Eucalyptus houseana,Eh,Q15399959
Eucalyptus kingsmillii,Ek,Q15396813
Eucalyptus kruseana,Ek,Q3017657
Eucalyptus largiflorens,El,Q2710313
Eucalyptus leucoxylon,El,Q161468
Eucalyptus macrocarpa,Em,Q2712369
Eucalyptus maculata,Em,Q24852937
Eucalyptus microcorys,Em,Q3011274
Eucalyptus microtheca,Em,Q928175
Eucalyptus miniata,Em,Q2713279
Eucalyptus nesophila,En,Q39276129
Eucalyptus nitens,En,Q2512644
Eucalyptus orbifolia,Eo,Q5405659
Eucalyptus ovata,Eo,Q955858
Eucalyptus polycarpa,Ep,Q39276663
Eucalyptus propinqua,Ep,Q5405682
Eucalyptus punctata,Ep,Q5405694
Eucalyptus radiata,Er,Q2664982
Eucalyptus raveretiana,Er,Q7213025
Eucalyptus robusta,Er,Q3280527
Eucalyptus saligna,Es,Q2837067
Eucalyptus sideroxylon,Es,Q2667019
Eucalyptus tereticornis,Et,Q3006305
Eucalyptus torelliana,Et,Q11126589
Eucalyptus urophylla,Eu,Q5405723
Eucalyptus viminalis,Ev,Q2137116
Eugenia acapulcensis,Ea,Q6433663
Eugenia arenosa,Ea,Q15357798
Eugenia argentea,Ea,Q15357846
Eugenia axillaris,Ea,Q15357825
Eugenia bacopari,Eb,Q15357913
Eugenia brasiliensis,Eb,Q311085
Eugenia burkartiana,Eb,Q15358159
Eugenia catharinensis,Ec,Q15358514
Eugenia chlorophylla,Ec,Q15358869
Eugenia copacabanensis,Ec,Q15358710
Eugenia cuprea,Ec,Q15359338
Eugenia dimorpha,Ed,Q15359409
Eugenia dysenterica,Ed,Q291005
Eugenia florida,Ef,Q15359859
Eugenia foetida,Ef,Q3953968
Eugenia hiemalis,Eh,Q17594566
Eugenia joenssonii,Ej,Q15361349
Eugenia mansoi,Em,Q15362008
Eugenia mattosii,Em,Q15361796
Eugenia melanadenia,Em,Q15362211
Eugenia moraviana,Em,Q15362057
Eugenia multicostata,Em,Q15362532
Eugenia octopleura,Eo,Q15363728
Eugenia pitanga,Ep,Q10923785
Eugenia platysema,Ep,Q15363489
Eugenia pluriflora,Ep,Q15363801
Eugenia punicifolia,Ep,Q15364786
Eugenia pyriformis,Ep,Q15363997
Eugenia ramboi,Er,Q15365082
Eugenia repanda,Er,Q15364374
Eugenia rhombea,Er,Q6433682
Eugenia rocana,Er,Q15365542
Eugenia rottleriana,Er,Q5226189
Eugenia speciosa,Es,Q15365765
Eugenia stigmatosa,Es,Q15366140
Eugenia stipitata,Es,Q2347464
Eugenia sulcata,Es,Q15365741
Eugenia umbelliflora,Eu,Q15366299
Eugenia uruguayensis,Eu,Q5850408
Eugenia xiriricana,Ex,Q15366325
Eupatorium cannabinum,Ec,Q744339
Eupatorium capillifolium,Ec,Q5409948
Eupatorium coelestinum,Ec,Q15531151
Eupatorium triplinerve,Et,Q38710079
Eutrema salsugineum,Es,
Falcaria falcarioides,Ff,Q17139303
Feijoa sellowiana,Fs,Q499671
Feroniella lucida,Fl,Q15393006
Ferula assa-foetida,Fa,Q111185
Ferula communis,Fc,Q150411
Ferula galbaniflua,Fg,Q17139625
Ferula glauca,Fg,Q21874253
Ferula gummosa,Fg,Q4483170
Ferula hirtella,Fh,Q17140046
Ferula macrocolea,Fm,Q15578683
Ferula microcolea,Fm,Q15579315
Ferula ovina,Fo,Q15231690
Ferula szowitsiana,Fs,Q21269377
Ferulago angulata,Fa,Q15579973
Ferulago carduchorum,Fc,Q17132013
Ferulago confusa,Fc,Q17131840
Ferulago contracta,Fc,Q15580468
Ferulago longistylis,Fl,Q17132069
Ferulago phialocarpa,Fp,Q15581125
Ficus benjamina,Fb,Q275160
Fimbristylis falcata,Ff,Q15584952
Fitzroya cupressoides,Fc,Q847304
Flaveria linearis,Fl,Q15596900
Flourensia cernua,Fc,Q5462023
Foeniculum vulgare,Fv,Q43511
Fortunella hindsii,Fh,
Fragaria ananassa,Fa,
Fragaria vesca,Fv,Q146684
Fritillaria eduardii,Fe,
Fritillaria imperialis,Fi,Q161939
Fritillaria raddeana,Fr,Q243946
Froriepia subpinnata,Fs,Q15582736
Fuernrohria setifolia,Fs,Q15580544
Galatella biflora,Gb,Q24850685
Geigeria alata,Ga,Q15548355
Geijera linearifolia,Gl,Q15391144
Geijera parviflora,Gp,Q596715
Geijera salicifolia,Gs,Q5433206
Genipa americana,Ga,Q1353278
Genlisea aurea,Ga,
Geranium macrorrhizum,Gm,Q805037
Geranium phaeum,Gp,Q158542
Ginkgo biloba,Gb,
Glechoma hederacea,Gh,Q162544
Glechoma sardoa,Gs,Q15324542
Glycine max,Gm,
Glycine soja,Gs,
Glycosmis pentaphylla,Gp,Q11045138
Glycyrrhiza glabra,Gg,
Gmelina arborea,Ga,Q311345
Goniothalamus macrophyllus,Gm,Q15359101
Gossypium arboreum,Ga,
Gossypium australe,Ga,
Gossypium barbadense,Gb,
Gossypium hirsutum,Gh,
Gossypium mustelinum,Gm,
Gossypium raimondii,Gr,
Grindelia robusta,Gr,Q5609419
Grindelia squarrosa,Gs,Q312228
Guarea macrophylla,Gm,Q10292517
Guavaberry ,G,
Gutierrezia mandonii,Gm,Q15553592
Gutierrezia repens,Gr,Q15553211
Gymnopodium floribundum,Gf,Q15594316
Gyrocarpus americanus,Ga,Q5625456
Handroanthus impetiginosus,Hi,
Haplophyllum tuberculatum,Ht,Q5892134
Hedeoma mandoniana,Hm,Q15327799
Hedeoma multiflora,Hm,Q15327287
Hedychium coccineum,Hc,Q3926743
Hedychium coronarium,Hc,Q1994229
Hedychium flavescens,Hf,Q3926753
Hedychium gardnerianum,Hg,Q3142116
Hedychium larsenii,Hl,Q15329023
Helenium argentinum,Ha,Q15559333
Helianthus annuus,Ha,
Helichrysum amorginum,Ha,Q21267098
Helichrysum arenarium,Ha,Q27984
Helichrysum bracteiferum,Hb,Q15577487
Helichrysum faradifani,Hf,Q15579564
Helichrysum forskahlii,Hf,Q15581886
Helichrysum hypnoides,Hh,Q15580315
Helichrysum italicum,Hi,Q1587861
Helichrysum leucocephalum,Hl,Q15582806
Helichrysum melaleucum,Hm,Q15580369
Helichrysum stoechas,Hs,Q1636806
Hemidesmus indicus,Hi,Q15356241
Heracleum argaeum,Ha,Q17137156
Heracleum candolleanum,Hc,Q17137201
Heracleum crenatifolium,Hc,Q17137251
Heracleum paphlagonicum,Hp,Q17137553
Heracleum persicum,Hp,Q1418112
Heracleum platytaenium,Hp,Q17137783
Heracleum sphondylium,Hs,Q752675
Hernandia albiflora,Ha,Q15432819
Hernandia bivalvis,Hb,Q18083670
Hernandia nymphaeifolia,Hn,Q5456067
Herniaria incana,Hi,Q163330
Hesperis bicuspidata,Hb,Q15546890
Hesperis bottae,Hb,Q15547117
Hesperis podocarpa,Hp,Q17248455
Heteromorpha trifoliata,Ht,Q15581699
Heteropappus altaicus,Ha,Q15231502
Heteropyxis natalensis,Hn,Q10985516
Heterothalamus alienus,Ha,Q5896806
Heterotheca latifolia,Hl,Q38740085
Hevea brasiliensis,Hb,
Hibiscus surattensis,Hs,Q10898672
Hibiscus syriacus,Hs,
Hippia frutescens,Hf,Q15583504
Hippomarathrum boissieri,Hb,Q17138101
Hippomarathrum cristatum,Hc,Q17138224
Hippomarathrum microcarpum,Hm,Q17138084
Homalomena sagittifolia,Hs,Q7361764
Homoranthus biflorus,Hb,Q15367513
Homoranthus binghiensis,Hb,Q15367569
Homoranthus bornhardtiensis,Hb,Q15367645
Homoranthus cernuus,Hc,Q15367744
Homoranthus coracinus,Hc,Q15367826
Homoranthus croftianus,Hc,Q15367899
Homoranthus darwinioides,Hd,Q5891581
Homoranthus decasetus,Hd,Q15368070
Homoranthus decumbens,Hd,Q15366854
Homoranthus flavescens,Hf,Q13920115
Homoranthus floydii,Hf,Q15367039
Homoranthus homoranthoides,Hh,Q15367093
Homoranthus lunatus,Hl,Q15367149
Homoranthus melanostictus,Hm,Q15367212
Homoranthus montanus,Hm,Q15367290
Homoranthus papillatus,Hp,Q5891585
Homoranthus porteri,Hp,Q15367418
Homoranthus prolixus,Hp,Q15367509
Homoranthus thomasii,Ht,Q15367580
Homoranthus tropicus,Ht,Q15367624
Homoranthus virgatus,Hv,Q15367694
Homoranthus wilhelmii,Hw,Q15367766
Homoranthus zeteticorum,Hz,Q15367857
Hordeum vulgare,Hv,
Humulus lupulus,Hl,
Hydrocotyle javanica,Hj,Q4262209
Hydrocotyle sibthorpioides,Hs,Q5789976
Hydrocotyle umbellata,Hu,Q3143724
Hymenaea courbaril,Hc,Q2234016
Hymenocrater calycinus,Hc,Q15328467
Hymenocrater elegans,He,Q15328559
Hymenocrater platystegius,Hp,Q15329030
Hyoscyamus muticus,Hm,
Hyparrhenia rufa,Hr,Q3144082
Hypericum brachyphyllum,Hb,Q17812091
Hypericum chapmanii,Hc,Q17812088
Hypericum cordatum,Hc,Q17565819
Hypericum fasciculatum,Hf,Q17812222
Hypericum frondosum,Hf,Q17812202
Hypericum galioides,Hg,Q12582616
Hypericum hircinum,Hh,Q889234
Hypericum japonicum,Hj,Q10928400
Hypericum lloydii,Hl,Q17812343
Hypericum nitidum,Hn,Q17812404
Hypericum perforatum,Hp,Q158289
Hypericum prolificum,Hp,Q17812747
Hypericum tenuifolium,Ht,Q21275377
Hyptidendron canum,Hc,Q15328997
Hyptis conferta,Hc,Q15330313
Hyptis crenata,Hc,Q10952467
Hyptis emoryi,He,Q5962178
Hyptis floribunda,Hf,Q15331088
Hyptis glomerata,Hg,Q15329582
Hyptis marrubioides,Hm,Q15330013
Hyptis martiusii,Hm,Q15330079
Hyptis mutabilis,Hm,Q5905871
Hyptis pectinata,Hp,Q11110344
Hyptis recurvata,Hr,Q15330626
Hyptis spicigera,Hs,Q3144432
Hyptis suaveolens,Hs,Q2235341
Hyptis velutina,Hv,Q15331110
Hyssopus officinalis,Ho,Q137931
Ichthyothere terminalis,It,Q15590712
Illicium griffithii,Ig,Q15227568
Inula cuspidata,Ic,Q10896493
Inula hupehensis,Ih,
Inula oculus-christi,Io,Q14404571
Irvingia barteri,Ib,Q50842577
Isodon eriocalyx,Ie,
Isodon japonicus,Ij,
Isodon rubescens,Ir,
Jatropha curcas,Jc,
Johreniopsis seseloides,Js,Q17131944
Juglans regia,Jr,Q46871
Juniperus cedrus,Jc,Q1723636
Juniperus communis,Jc,Q26325
Juniperus oxycedrus,Jo,Q184300
Juniperus phoenicea,Jp,Q183497
Juniperus thurifera,Jt,Q1510186
Kadenia dubia,Kd,Q17132461
Kadsura oblongifolia,Ko,Q10895641
Kaempferia Angustifolia,KA,Q15365437
Kaempferia galanga,Kg,Q1113398
Kaempferia rotunda,Kr,Q1635447
Kalanchoe daigremontiana,Kd,
Kalanchoe fedtschenkoi,Kf,
Kalanchoe laxiflora,Kl,
Kalopanax septemlobus,Ks,
Kelussia odoratissima,Ko,
Kitagawia baicalensis,Kb,Q21273754
Klainedoxa gabonensis,Kg,Q10546004
Koanophyllon villosum,Kv,Q15598159
Kunzea affinis,Ka,Q15368154
Kunzea ambigua,Ka,Q3200495
Kunzea baxteri,Kb,Q150749
Kunzea muelleri,Km,Q15367683
Kunzea parvifolia,Kp,Q6445183
Lactuca sativa,Ls,
Laggera pterodonta,Lp,Q15231544
Lallemantia iberica,Li,Q838540
Lallemantia peltata,Lp,Q2235405
Lantana camara,Lc,Q332469
Lantana fucata,Lf,Q15430977
Lantana indica,Li,Q15431028
Lantana involucrata,Li,Q15431144
Lapageria rosea,Lr,Q1072906
Laser trilobum,Lt,Q2167755
Laserpitium zernyi,Lz,Q17133685
Laurus nobilis,Ln,Q26006
Lavandula ×intermedia,L×,Q3828025
Lavandula angustifolia,La,Q42081
Lavandula coronopifolia,Lc,Q6559588
Lavandula dentata,Ld,Q1450735
Lavandula latifolia,Ll,Q905916
Lavandula luisieri,Ll,
Lavandula officinalis,Lo,Q50844455
Lavandula stoechas,Ls,Q1342976
Lavandula viridis,Lv,Q2206924
Lecythis usitata,Lu,Q5972432
Leersia perrieri,Lp,
lemon balm,lb,Q148396
Leonotis ocymifolia,Lo,Q15338194
Lepechinia floribunda,Lf,Q15338381
Lepechinia meyenii,Lm,Q15341801
Lepechinia paniculata,Lp,Q5457698
Leptocarpha rivularis,Lr,Q15599691
Leptospermum citratum,Lc,Q50844194
Leptospermum coriaceum,Lc,Q15367875
Leptospermum fastigiatum,Lf,Q15368387
Leptospermum liversidgei,Ll,Q722179
Leptospermum nitens,Ln,Q15368304
Levisticum officinale,Lo,Q27615
Licaria puchury-major,Lp,Q15611404
Licaria salicifolia,Ls,Q18081101
Licaria triandra,Lt,Q15612638
Ligusticum mutellina,Lm,Q1549723
Limnophila chinensis,Lc,Q15338486
Lindera strychnifolia,Ls,Q27660324
Linum usitatissimum,Lu,
Lippia alba,La,Q10954705
Lippia alnifolia,La,Q15432521
Lippia gracilis,Lg,Q15432848
Lippia graveolens,Lg,Q1761719
Lippia javanica,Lj,Q15433501
Lippia sidoides,Ls,Q9600748
Litsea cubeba,Lc,Q541476
Lomatium brandegeei,Lb,Q6669194
Lomatium dissectum,Ld,Q6669223
Lomatium foeniculaceum,Lf,Q13929238
Lomatium graveolens,Lg,Q15586362
Lomatium grayi,Lg,Q6669236
Lomatium howellii,Lh,Q13929239
Lomatium junceum,Lj,Q17135947
Lomatium nevadense,Ln,Q6669248
Lomatium parryi,Lp,Q6669264
Lomatium rigidum,Lr,Q6669266
Lomatium torreyi,Lt,Q6669276
Lotus japonicus,Lj,
Luffa aegyptiaca,La,
Luma chequen,Lc,Q3300057
Lupinus albus,La,
Lupinus angustifolius,La,
Lychnophora pinaster,Lp,Q15553140
Lycopodium clavatum,Lc,
Lycopus australis,La,Q15340388
Macleaya cordata,Mc,
Maclura pomifera,Mp,Q1066106
Magnolia grandiflora,Mg,
Mahonia japonica,Mj,Q159322
Malabaila aurea,Ma,Q17138697
Malus baccata,Mb,
Malus domestica,Md,Q18674606
Manihot esculenta,Me,
Manilkara achras,Ma,Q42692801
Mantisalca duriaei,Md,Q5991951
Marchantia polymorpha,Mp,
Marchesinia mackaii,Mm,Q17283889
Margyricarpus pinnatus,Mp,Q2071326
Marlierea eugeniopsoides,Me,Q15368877
Marlierea obscura,Mo,Q15370122
Marlierea sylvatica,Ms,Q15371210
Marlierea tomentosa,Mt,Q15369361
Marrubium anisodon,Ma,Q15342038
Marrubium astracanicum,Ma,Q15339304
Marrubium bourgaei,Mb,Q15340034
Marrubium crassidens,Mc,Q15339319
Marrubium parviflorum,Mp,Q4520036
Marrubium peregrinum,Mp,Q160346
Marrubium propinquum,Mp,Q4520032
Marrubium vulgare,Mv,Q157631
Marsypianthes chamaedrys,Mc,Q15340680
Matricaria chamomilla,Mc,
meadow clary,mc,Q161772
Medicago truncatula,Mt,
Melaleuca alternifolia,Ma,Q782073
Melaleuca armillaris,Ma,Q145525
Melaleuca atroviridis,Ma,Q6810988
Melaleuca bracteata,Mb,Q15369918
Melaleuca cajuputi,Mc,Q2933398
Melaleuca concreta,Mc,Q15371870
Melaleuca deanei,Md,Q15370568
Melaleuca decussata,Md,Q6811004
Melaleuca ericifolia,Me,Q4116547
Melaleuca exuvia,Me,Q6811020
Melaleuca hamata,Mh,Q15371117
Melaleuca interioris,Mi,Q6811045
Melaleuca leucadendra,Ml,Q310876
Melaleuca linariifolia,Ml,Q2709936
Melaleuca minutifolia,Mm,Q6811053
Melaleuca monatha,Mm,Q6811060
Melaleuca quinquenervia,Mq,Q1813408
Melaleuca scalena,Ms,Q6811086
Melaleuca squamophloia,Ms,Q6811093
Melaleuca stereophloia,Ms,Q6811094
Melaleuca styphelioides,Ms,Q6811101
Melaleuca sylvana,Ms,Q6811103
Melaleuca teretifolia,Mt,Q15371439
Melaleuca uncinata,Mu,Q3460133
Melaleuca uxorum,Mu,Q6811114
Melaleuca vinnula,Mv,Q6811118
Melaleuca viridiflora,Mv,Q3854088
Melaleuca zeteticorum,Mz,Q6811123
Melicoccus bijugatusss,Mb,Q279728
Mentha ×rotundifolia,M×,Q2494758
Mentha aquatica,Ma,
Mentha canadensis,Mc,Q2977225
Mentha citrata,Mc,Q2607185
Mentha gracilis,Mg,
Mentha grandiflora,Mg,Q15341383
Mentha longifolia,Ml,Q161924
Mentha piperita,Mp,
Mentha pulegium,Mp,Q161235
Mentha sachalinensis,Ms,Q6817552
Mentha spicata,Ms,Q160114
Meriandra bengalensis,Mb,Q50985244
Meum athamanticum,Ma,Q1019275
Micromeria biflora,Mb,Q10943466
Micromeria cremnophila,Mc,Q15343143
Micromeria cristata,Mc,Q15343265
Micromeria dalmatica,Md,Q3856981
Micromeria juliana,Mj,Q15342450
Micromeria libanotica,Ml,Q39069373
Micromeria parviflora,Mp,Q15343128
Micromeria persica,Mp,Q15344320
Micromeria pseudocroatica,Mp,Q15345285
Microthlaspi erraticum,Me,
Microtoena patchoulii,Mp,Q15247820
Mikania burchellii,Mb,Q15561102
Mikania cordata,Mc,Q10888620
Mikania glomerata,Mg,Q14315098
Mikania involucrata,Mi,Q15561993
Mikania laevigata,Ml,Q15561302
Mikania micrantha,Mm,Q2717688
Mikania paranensis,Mp,Q15562933
Minthostachys mollis,Mm,Q10752270
Minthostachys verticillata,Mv,Q6869640
Mitranthes ottonis,Mo,Q15461559
Mitrantia bilocularis,Mb,Q15376030
Monarda citriodora,Mc,Q159776
Monarda didyma,Md,Q164010
Monodora myristica,Mm,Q6901558
Montanoa tomentosa,Mt,Q6904440
Morella pubescens,Mp,Q15377003
Morina longifolia,Ml,Q1607301
Morus notabilis,Mn,
Mosiera ehrenbergii,Me,Q15375183
Mosiera longipes,Ml,Q15372506
Murraya koenigii,Mk,Q244731
Musa acuminata,Ma,
Musa balbisiana,Mb,
Musa sapientum,Ms,
Musa schizocarpa,Ms,
Myrceugenia alpigena,Ma,Q15373525
Myrceugenia campestris,Mc,Q5459808
Myrceugenia glaucescens,Mg,Q6035160
Myrceugenia mesomischa,Mm,Q15374242
Myrceugenia miersiana,Mm,Q5434902
Myrceugenia myrcioides,Mm,Q5434906
Myrcia fosteri,Mf,Q5459849
Myrcia laruotteana,Ml,Q15374794
Myrcianthes coquimbensis,Mc,Q9047577
Myrcianthes fragrans,Mf,Q15381387
Myrcianthes osteomeloides,Mo,Q15378916
Myrcianthes pseudomato,Mp,Q6035174
Myrciaria dubia,Md,Q1031775
Myrciaria tenella,Mt,Q15376795
Myrica gale,Mg,Q161681
Myristica fragrans,Mf,Q2724976
Myrothamnus moschatus,Mm,Q18112874
Myrrhis odorata,Mo,Q1137175
Myrrhoides nodosa,Mn,Q28936012
Myrtus communis,Mc,
Nashia inaguensis,Ni,Q6966840
Nasturtium officinale,No,Q150452
Nelumbo nucifera,Nn,
Neofinetia falcata,Nf,Q1037607
Neolitsea australiensis,Na,Q6993212
Neolitsea brassii,Nb,Q18075538
Neolitsea dealbata,Nd,Q13861083
Neolitsea fischeri,Nf,Q5460342
Neomitranthes obscura,No,Q15377755
Nepeta betonicifolia,Nb,Q15345051
Nepeta bornmuelleri,Nb,Q15345822
Nepeta bracteata,Nb,Q15344754
Nepeta cataria,Nc,Q161139
Nepeta cephalotes,Nc,Q15347353
Nepeta curviflora,Nc,Q15345337
Nepeta denudata,Nd,Q15346593
Nepeta elymaitica,Ne,Q15345000
Nepeta gloeocephala,Ng,Q15345372
Nepeta glomerulosa,Ng,Q15345939
Nepeta govaniana,Ng,Q1618981
Nepeta haussknechtii,Nh,Q39084662
Nepeta heliotropifolia,Nh,Q15348512
Nepeta kotschyi,Nk,Q15344619
Nepeta menthoides,Nm,Q15345586
Nepeta meyeri,Nm,Q15345657
Nepeta mirzayanii,Nm,Q15345963
Nepeta nuda,Nn,Q1721165
Nepeta pannonica,Np,Q164625
Nepeta pogonosperma,Np,Q15345874
Nepeta rtanjensis,Nr,Q15348985
Nepeta sessilifolia,Ns,Q39081171
Nepeta sibirica,Ns,Q3338272
Nepeta sulfuriflora,Ns,Q15350848
Nepeta trachonitica,Nt,Q15347080
Nicotiana attenuata,Na,
Nicotiana benthamiana,Nb,
Nicotiana sylvestris,Ns,
Nicotiana tomentosiformis,Nt,
Nigella damascena,Nd,Q158338
Nigella sativa,Ns,Q160575
Nigritella nigra,Nn,Q15523284
Nyssa sinensis,Ns,
Ochrosperma lineare,Ol,Q15380270
Ocimum americanum,Oa,Q3240154
Ocimum basilicum,Ob,
Ocimum ciliatum,Oc,Q50860665
Ocimum gratissimum,Og,Q2355390
Ocimum micranthum,Om,Q50846833
Ocimum minimum,Om,Q10323720
Ocimum sanctum,Os,Q24852786
Ocimum selloi,Os,Q21303369
Ocimum tenuiflorum,Ot,Q960124
Oenanthe crocata,Oc,Q1818309
Oenanthe divaricata,Od,Q17131750
Olea europaea,Oe,
Oliveria decumbens,Od,Q17132260
Ononis natrix,On,Q163262
Ophryosporus heptanthus,Oh,Q15573675
Ophryosporus pinifolius,Op,Q15575397
Origanum acutidens,Oa,Q15349366
Origanum adanense,Oa,Q15349571
Origanum bargyli,Ob,Q12242088
Origanum bastetanum,Ob,Q15347824
Origanum boissieri,Ob,Q15348479
Origanum calcaratum,Oc,Q1476895
Origanum cordifolium,Oc,Q12242097
Origanum dayi,Od,Q6574439
Origanum dictamnus,Od,Q1227336
Origanum ehrenbergii,Oe,Q12242085
Origanum elongatum,Oe,Q15351769
Origanum floribundum,Of,Q15351927
Origanum husnucan-baseri,Oh,Q15347546
Origanum hypericifolium,Oh,Q15347622
Origanum intercedens,Oi,Q15347714
Origanum leptocladum,Ol,Q15348119
Origanum majoricum,Om,Q15348462
Origanum minoanum,Om,Q15347447
Origanum minutiflorum,Om,Q12242089
Origanum onites,Oo,Q1745164
Origanum saccatum,Os,Q15348407
Origanum scabrum,Os,Q1546389
Origanum solymicum,Os,Q15348727
Origanum syriacum,Os,Q13714507
Origanum vulgare,Ov,
Oropetium thomaeum,Ot,
Oryza barthii,Ob,
Oryza brachyantha,Ob,
Oryza glumipatula,Og,
Oryza meridionalis,Om,
Oryza meyeriana,Om,
Oryza nivara,On,
Oryza punctata,Op,
Oryza rufipogon,Or,
Oryza sativa,Os,
Osmanthus fragrans,Of,Q1209922
Otanthus maritimus,Om,Q10260538
Otostegia michauxii,Om,Q39091459
Oxytropis falcata,Of,Q15235956
Ozothamnus diosmifolius,Od,Q7116665
Paeonia emodi,Pe,Q1023699
Panax ginseng,Pg,
Pandanus fascicularis,Pf,Q11564204
Pandanus odoratissimus,Po,Q7130504
Panicum hallii,Ph,
Panicum miliaceum,Pm,
Panicum virgatum,Pv,
Papaver somniferum,Ps,
Parasponia andersonii,Pa,
Parthenium hysterophorus,Ph,Q3595850
Pectis floribunda,Pf,Q38766184
Pelargonium graveolens,Pg,Q164306
Pentaceras australe,Pa,Q18080592
Pentapleura subulifera,Ps,Q15349967
Peperomia pellucida,Pp,Q3337038
Perilla frutescens,Pf,Q1076038
Perovskia abrotanoides,Pa,Q1411504
Perovskia atriplicifolia,Pa,Q579476
Persea schiedeana,Ps,Q1606492
Persian lime,Pl,Q1520920
Persicaria hydropiper,Ph,
Petiveria alliacea,Pa,Q311518
Peucedanum cervariifolium,Pc,Q15588345
Peucedanum officinale,Po,Q459253
Phania cajalbanica,Pc,Q15588895
Phaseolus angularis,Pa,
Phaseolus vulgaris,Pv,
Phellodendron chinense,Pc,Q5232988
Phellolophium madagascariense,Pm,Q17137478
Philodendron acutatum,Pa,Q15312704
Philodendron fragrantissimum,Pf,Q14554270
Philodendron imbe,Pi,Q10349172
Phlomis aucheri,Pa,Q15351194
Phlomis bourgaei,Pb,Q15352220
Phlomis bracteosa,Pb,Q15352477
Phlomis cancellata,Pc,Q15350498
Phlomis chimerae,Pc,Q15350400
Phlomis elliptica,Pe,Q15350134
Phlomis fruticosa,Pf,Q1322796
Phlomis herba-venti,Ph,Q4118459
Phlomis nissolii,Pn,Q15350563
Phlomis olivieri,Po,Q15351154
Phlomis persica,Pp,Q15350644
Phlomis pungens,Pp,Q4193921
Phlomis rigida,Pr,Q15352252
Phlomis samia,Ps,Q2217592
Phlomis vuralii,Pv,Q15351408
Phyla dulcis,Pd,
Physcomitrium patens,Pp,
Physocaulis nodosus,Pn,Q15533393
Picea abies,Pa,
Picea glauca,Pg,
Picea sitchensis,Ps,
Pilgerodendron uviferum,Pu,Q133103
Pilocarpus jaborandi,Pj,Q3904984
Pilocarpus spicatus,Ps,Q15394465
Pilocarpus trachylophus,Pt,Q18076363
Pimenta adenoclada,Pa,Q5462067
Pimenta dioica,Pd,Q158468
Pimenta pseudocaryophyllus,Pp,Q15377161
Pimpinella acuminata,Pa,Q11037713
Pimpinella affinis,Pa,Q4080645
Pimpinella anisactis,Pa,Q17138572
Pimpinella anisetum,Pa,Q17138597
Pimpinella anisum,Pa,Q28692
Pimpinella aurea,Pa,Q15588662
Pimpinella barbata,Pb,Q17138648
Pimpinella saxifraga,Ps,Q1473991
Pinus banksiana,Pb,
Pinus caribaea,Pc,Q2900918
Pinus contorta,Pc,
Pinus insularis,Pi,Q15021944
Pinus laricio,Pl,Q38224814
Pinus merkusii,Pm,Q209326
Pinus sylvestris,Ps,Q133128
Pinus taeda,Pt,
Piper barbatum,Pb,Q15606269
Piper borbonense,Pb,Q3389025
Piper capense,Pc,Q15596744
Piper cernuum,Pc,Q15597459
Piper chaba,Pc,Q7197320
Piper dactylostigmum,Pd,Q18036369
Piper divaricatum,Pd,Q15601512
Piper longum,Pl,Q685336
Piper mikanianum,Pm,Q15604279
Piper nigrum,Pn,Q43084
Piper officinarum,Po,Q50851188
Piper plurinervosum,Pp,Q15607084
Piper vitaceum,Pv,Q15605706
Pistacia atlantica,Pa,Q1788810
Pistacia lentiscus,Pl,Q159812
Pisum sativum,Ps,
Pitaviaster haplophyllus,Ph,Q18080089
Pittosporum tobira,Pt,Q161375
plant salvia,ps,
Platonia insignis,Pi,Q15371504
Platycladus orientalis,Po,Q33482
Plectranthus amboinicus,Pa,Q2359202
Plectranthus barbatus,Pb,Q311226
Plectranthus melissoides,Pm,Q39077737
Plectranthus neochilus,Pn,Q15351462
Plinia dermatodes,Pd,Q15378202
Plinia rubrinervis,Pr,Q15382118
Pluchea purpurascens,Pp,Q7205210
Pluchea rosea,Pr,Q15445870
Podachaenium eminens,Pe,Q15599929
Pogostemon cablin,Pc,Q257757
Pogostemon heyneanus,Ph,Q1684204
Pogostemon travancoricus,Pt,Q15353936
Polygala cyparissias,Pc,Q3395567
Polygala paniculata,Pp,Q10926678
Polylepis besseri,Pb,Q15275420
Polymnia sonchifolia,Ps,Q15595862
Poncirus trifoliata,Pt,
Populus alba,Pa,
Populus canescens,Pc,
Populus deltoides,Pd,
Populus tremuloides,Pt,
Populus trichocarpa,Pt,
Porophyllum ruderale,Pr,Q891381
Portenschlagiella ramosissima,Pr,Q17133828
Portlandia albiflora,Pa,Q5489388
Portlandia coccinea,Pc,Q15488778
Portlandia grandiflora,Pg,Q5435863
Portlandia proctorii,Pp,Q15489060
Potentilla grandiflora,Pg,Q21877141
Potentilla micrantha,Pm,
Pourouma mollis,Pm,Q15553213
Pourouma velutina,Pv,Q15553326
Prangos acaulis,Pa,Q15589401
Prangos bornmuelleri,Pb,Q17133899
Prangos denticulata,Pd,Q17133980
Prangos ferulacea,Pf,Q15590366
Prangos latiloba,Pl,Q15588807
Prangos uechtritzii,Pu,Q17134392
Prangos uloptera,Pu,Q15591357
Prostanthera staurophylla,Ps,Q15355282
Protium apiculatum,Pa,Q15545060
Protium grandifolium,Pg,Q15545968
Protium hebetatum,Ph,Q18079963
Protium heptaphyllum,Ph,Q9063301
Protium paniculatum,Pp,Q15544848
Protium spruceanum,Ps,Q15545976
Protium strumosum,Ps,Q18083339
Protium tenuifolium,Pt,Q15544765
Prunus dulcis,Pd,
Prunus persica,Pp,
Prunus phaeosticta,Pp,Q11179121
Prunus salicina,Ps,
Prunus sibirica,Ps,
Prunus yedoensis,Py,
Pseudobrickellia brasiliensis,Pb,Q15599410
Pseudolarix amabilis,Pa,
Pseudotsuga menziesii,Pm,
Psiadia arguta,Pa,Q3409951
Psiadia lucida,Pl,Q15601502
Psidium cattleianum,Pc,
Psidium cymosum,Pc,Q15378339
Psidium friedrichsthalinum,Pf,Q2906154
Psidium guajava,Pg,Q166843
Psidium guineense,Pg,Q6090472
Psidium myrsinites,Pm,Q15378671
Psidium parvifolium,Pp,Q15378338
Psidium salutare,Ps,Q9627520
Psidium sartorianum,Ps,Q10355301
Psidium wrightii,Pw,Q39281268
Psorothamnus scoparius,Ps,Q15477043
Pterocarya fraxinifolia,Pf,Q121749
Pteryxia terebinthina,Pt,Q17135331
Pueraria montana,Pm,
Pulicaria dysenterica,Pd,Q743794
Pulicaria glutinosa,Pg,Q15602817
Punica granatum,Pg,
Pycnocycla bashagardiana,Pb,Q17135965
Pycnocycla musiformis,Pm,Q17135865
Pycnocycla nodiflora,Pn,Q17135885
Pycnocycla spinosa,Ps,Q17135946
Pyrus betulifolia,Pb,
Pyrus bretschneideri,Pb,
Pyrus communis,Pc,
Pyrus pyrifolia,Pp,
Pyrus ussuriensis,Pu,
Quercus ilex,Qi,
Raphanus sativus,Rs,
Ravensara aromatica,Ra,Q662046
Rhabdosciadium petiolare,Rp,Q17136050
Rhizophora stylosa,Rs,
Rhododendron anthopogon,Ra,Q15250704
Rhododendron lepidotum,Rl,Q11173597
Rhynchosia minima,Rm,Q3337266
Ribes nigrum,Rn,Q146604
Ricinus communis,Rc,Q155867
Ridolfia segetum,Rs,Q310463
Ristantia gouldii,Rg,Q15379702
Ristantia pachysperma,Rp,Q15379814
Ristantia waterhousei,Rw,Q15380020
Rollinia mucosa,Rm,Q311475
Rosa abyssinica,Ra,Q9325796
Rosa bourbonia,Rb,Q49605721
Rosa brunonii,Rb,Q309878
Rosa chinensis,Rc,
Rosa foetida,Rf,Q134801
Rosa hybrid,Rh,
Rosa multiflora,Rm,
Rosa sinensis,Rs,
Rosmarinus eriocalyx,Re,Q9070818
Rosmarinus officinalis,Ro,Q122679
Rubus chingii,Rc,
Rubus occidentalis,Ro,
Rubus ulmifolius,Ru,Q59843
Russowia sogdiana,Rs,Q15231440
Ruta chalepensis,Rc,Q2714490
Ruta graveolens,Rg,Q25062
Saccocalyx saturejoides,Ss,Q15357894
Salix brachista,Sb,
Salix purpurea,Sp,
Salvia aethiopis,Sa,Q159131
Salvia amplexicaulis,Sa,Q10955930
Salvia angulata,Sa,Q7406741
Salvia apiana,Sa,Q899812
Salvia atropatana,Sa,Q15358644
Salvia aucheri,Sa,Q15358113
Salvia aytachii,Sa,Q15358508
Salvia ballsiana,Sb,Q15358218
Salvia brachyodon,Sb,Q15358708
Salvia chudaei,Sc,Q20397083
Salvia compressa,Sc,Q15359038
Salvia cryptantha,Sc,Q19715547
Salvia cyanescens,Sc,Q4818142
Salvia divaricata,Sd,Q15359483
Salvia divinorum,Sd,
Salvia eremophila,Se,Q15359263
Salvia euphratica,Se,Q12233107
Salvia fruticosa,Sf,Q864698
Salvia glutinosa,Sg,Q158374
Salvia hypoleuca,Sh,Q15359672
Salvia kronenburgii,Sk,Q15359612
Salvia leriifolia,Sl,Q15360246
Salvia leucantha,Sl,Q7406821
Salvia limbata,Sl,Q4519767
Salvia macrochlamys,Sm,Q15359881
Salvia miltiorrhiza,Sm,
Salvia moorcroftiana,Sm,Q7406839
Salvia nemorosa,Sn,Q159121
Salvia nubicola,Sn,Q1953850
Salvia nydeggeri,Sn,Q15361183
Salvia officinalis,So,Q1111359
Salvia pachystachya,Sp,Q15360394
Salvia palaestina,Sp,Q4116560
Salvia persepolitana,Sp,Q15361786
Salvia pomifera,Sp,Q15361422
Salvia pseudeuphratica,Sp,Q21303825
Salvia recognita,Sr,Q7406875
Salvia rhytidea,Sr,Q15361911
Salvia ringens,Sr,Q4519773
Salvia russellii,Sr,Q15362555
Salvia sahendica,Ss,Q15361680
Salvia sclarea,Ss,Q157872
Salvia sclareopsis,Ss,Q15362063
Salvia splendens,Ss,
Salvia tomentosa,St,Q15362282
Salvia verbascifolia,Sv,Q4519763
Salvia verbenaca,Sv,Q1313052
Salvia verticillata,Sv,Q129775
Salvia xanthocheila,Sx,Q15362466
Santalum album,Sa,Q210858
Santalum austrocaledonicum,Sa,
Santalum insulare,Si,Q18079007
Santalum macgregorii,Sm,Q5478532
Santalum murrayanum,Sm,
Santalum spicatum,Ss,Q3018287
Santolina chamaecyparissus,Sc,Q1543811
Santolina oblongifolia,So,Q15551460
Satureja atropatana,Sa,Q15363332
Satureja bachtiarica,Sb,Q15363390
Satureja boissieri,Sb,Q15363473
Satureja cuneifolia,Sc,Q15364005
Satureja hortensis,Sh,Q157283
Satureja horvatii,Sh,Q15461493
Satureja icarica,Si,Q15363656
Satureja juliana,Sj,Q21877292
Satureja montana,Sm,Q160186
Satureja multiflora,Sm,Q21302968
Satureja mutica,Sm,Q4506586
Satureja parnassica,Sp,Q15364172
Satureja pilosa,Sp,Q15364263
Satureja sahendica,Ss,Q15364529
Satureja spinosa,Ss,Q12248166
Satureja subspicata,Ss,Q3474028
Satureja thymbra,St,Q12248164
Satureja viminea,Sv,Q39072043
Satureja visianii,Sv,Q15363714
Scandix iberica,Si,Q17137243
Schinus molle,Sm,Q855896
Schizonepeta annua,Sa,Q11034557
Scleria hirtella,Sh,Q15562033
Sclerorhachis platyrachis,Sp,Q15559071
Scorzonera undulata,Su,Q12216412
Scutellaria albida,Sa,Q15364693
Scutellaria californica,Sc,Q7439559
Scutellaria pinnatifida,Sp,Q15365052
Scutellaria repens,Sr,Q15365803
Scutellaria rupestris,Sr,Q15365450
Scutellaria sieberi,Ss,Q1344865
Scutellaria volubilis,Sv,Q15366628
Selaginella moellendorffii,Sm,
Semenovia dichotoma,Sd,Q17132729
Semenovia suffruticosa,Ss,Q17132757
Semenovia tragioides,St,Q15591194
Senecio adenotrichius,Sa,Q3013841
Senecio farfarifolius,Sf,Q55824922
Senecio royleanus,Sr,Q15231467
Senecio rufinervis,Sr,Q15601712
Senecio squalidus,Ss,Q3955284
Senecio zoellneri,Sz,Q15602454
Seseli buchtormense,Sb,Q64221633
Seseli campestre,Sc,Q15275498
Seseli peucedanoides,Sp,Q15591417
Seseli resinosum,Sr,Q17133683
Seseli rigidum,Sr,Q17133711
Seseli tortuosum,St,Q6126256
Setaria italica,Si,
Setaria viridis,Sv,
Sideritis argyrea,Sa,Q15366052
Sideritis clandestina,Sc,Q1467806
Sideritis congesta,Sc,Q15367055
Sideritis hololeuca,Sh,Q15366802
Sideritis montana,Sm,Q819184
Sideritis pusilla,Sp,Q15366633
Sideritis raeseri,Sr,Q15366701
Sideritis scardica,Ss,Q15367189
Sideritis sipylea,Ss,Q15367590
Sideritis stricta,Ss,Q15366785
Sideritis syriaca,Ss,Q2376648
Sideritis taurica,St,Q15367240
Silphium integrifolium,Si,Q7515561
Siparuna guianensis,Sg,Q15553446
Siparuna thecaphora,St,Q15598092
Siraitia grosvenorii,Sg,
Sium latifolium,Sl,Q905931
Smallanthus maculatus,Sm,Q15565151
Smyrnium cordifolium,Sc,Q17134874
Solanum chilense,Sc,
Solanum habrochaites,Sh,
Solanum lycopersicum,Sl,
Solanum melongena,Sm,
Solanum pennellii,Sp,
Solanum pimpinellifolium,Sp,
Solanum tuberosum,St,
Solidago decurrens,Sd,Q10863972
Solidago litoralis,Sl,Q15567109
Solidago puberula,Sp,Q15567835
Solidago virgaurea,Sv,Q599435
Sorghum bicolor,Sb,
Sphaeranthus indicus,Si,Q15231437
Sphaerantia chartacea,Sc,Q15381940
Sphaerantia discolor,Sd,Q15382075
Sphagneticola trilobata,St,Q2707027
Sphagnum fallax,Sf,
Spilanthes acmella,Sa,Q3493480
Spinacia oleracea,So,
Spirodela polyrhiza,Sp,
Stachys acerosa,Sa,Q15368319
Stachys asterocalyx,Sa,Q15368380
Stachys benthamiana,Sb,Q15368185
Stachys byzantina,Sb,Q2034131
Stachys circinata,Sc,Q6133605
Stachys corsica,Sc,Q1784781
Stachys lavandulifolia,Sl,Q4516382
Stachys milanii,Sm,Q15368931
Stachys multicaulis,Sm,Q15368207
Stachys obtusicrena,So,Q15367996
Stachys officinalis,So,Q157297
Stachys persica,Sp,Q4516386
Stachys pilifera,Sp,Q15368724
Stachys recta,Sr,Q163769
Stachys schtschegleevii,Ss,Q15369206
Steganotaenia araliacea,Sa,Q7606669
Stenotaenia nudicaulis,Sn,Q17135785
Sterculia tragacantha,St,Q15399126
Stevia rebaudiana,Sr,
Striga asiatica,Sa,
Sundacarpus amarus,Sa,Q139112
sweet potato,sp,Q37937
Syzygium aromaticum,Sa,Q26736
Syzygium cordatum,Sc,Q2477640
Syzygium gardneri,Sg,Q15382932
Syzygium malaccense,Sm,Q31936
Tagetes erecta,Te,Q759876
Tagetes filifolia,Tf,Q15587059
Tagetes lucida,Tl,Q2714702
Tagetes minuta,Tm,Q599870
Tagetes multiflora,Tm,Q15588328
Tagetes patula,Tp,Q644934
Tagetes tenuifolia,Tt,Q572693
Talauma ovata,To,Q39229987
Talisia esculenta,Te,Q2600407
Tamarindus indica,Ti,Q80235
Tanacetum annuum,Ta,Q9081727
Tanacetum balsamita,Tb,Q1451844
Tanacetum cadmeum,Tc,Q15557006
Tanacetum cinerariifolium,Tc,
Tanacetum densum,Td,Q15557025
Tanacetum khorassanicum,Tk,Q15557449
Tanacetum larvatum,Tl,Q15556793
Tanacetum macrophyllum,Tm,Q15555509
Tanacetum nubigenum,Tn,Q38704733
Tanacetum parthenium,Tp,Q818481
Tanacetum polycephalum,Tp,Q15557688
Tanacetum vulgare,Tv,Q27079
Taxodium distichum,Td,Q148950
Taxus baccata,Tb,
Taxus brevifolia,Tb,
Taxus wallichiana,Tw,
Tephrosia cinerea,Tc,Q15542628
Tephrosia densiflora,Td,Q15543574
Tephrosia egregia,Te,Q15543051
Tephrosia persica,Tp,Q15542892
Tephrosia vogelii,Tv,Q3206576
Tessaria absinthioides,Ta,Q15558127
Tetraclinis articulata,Ta,Q918555
Teucrium alopecurus,Ta,Q15370786
Teucrium antitauricum,Ta,Q15371462
Teucrium arduinii,Ta,Q15370292
Teucrium atratum,Ta,Q15370745
Teucrium botrys,Tb,Q159060
Teucrium carolipaui,Tc,Q15371037
Teucrium chamaedrys,Tc,Q161937
Teucrium creticum,Tc,Q3104241
Teucrium flavum,Tf,Q1553939
Teucrium mascatense,Tm,Q15371125
Teucrium massiliense,Tm,Q15371190
Teucrium melissoides,Tm,Q15371347
Teucrium montanum,Tm,Q159340
Teucrium multicaule,Tm,Q15372279
Teucrium orientale,To,Q15372062
Teucrium persicum,Tp,Q15373665
Teucrium pestalozzae,Tp,Q15374151
Teucrium polium,Tp,Q2415298
Teucrium sandrasicum,Ts,Q15371752
Teucrium scordium,Ts,Q158832
Teucrium stocksianum,Ts,Q15371847
Thamnosciadium junceum,Tj,Q17136555
Thamnosma montana,Tm,Q7710037
Thapsia garganica,Tg,Q3519581
Thapsia maxima,Tm,Q17136707
Thapsia villosa,Tv,Q537992
Theobroma bicolor,Tb,Q893238
Theobroma cacao,Tc,
Thevetia peruviana,Tp,Q312147
Thryptomene hexandra,Th,Q7798626
Thryptomene oligandra,To,Q13957703
Thryptomene parviflora,Tp,Q15390728
Thymbra capitata,Tc,Q1302761
Thymbra spicata,Ts,Q2430270
Thymus albicans,Ta,Q15372303
Thymus algeriensis,Ta,Q15372492
Thymus arundanus,Ta,Q15373881
Thymus atticus,Ta,Q2430314
Thymus baeticus,Tb,Q6146304
Thymus bracteosus,Tb,Q1550711
Thymus canoviridis,Tc,Q15373106
Thymus capitatus,Tc,Q13399102
Thymus carnosus,Tc,Q151002
Thymus caucasicus,Tc,Q39095689
Thymus cilicicus,Tc,Q12366970
Thymus daenensis,Td,Q15373108
Thymus fallax,Tf,Q15372806
Thymus fedtschenkoi,Tf,Q15373029
Thymus fontanesii,Tf,
Thymus herba-barona,Th,Q648505
Thymus kotschyanus,Tk,Q4457793
Thymus leucostomus,Tl,Q15372466
Thymus longicaulis,Tl,Q15373037
Thymus mastichina,Tm,Q292582
Thymus munbyanus,Tm,Q15372596
Thymus numidicus,Tn,Q15373863
Thymus oblongifolius,To,Q15372368
Thymus pallescens,Tp,Q15373877
Thymus pallidus,Tp,Q50985967
Thymus pectinatus,Tp,Q15375601
Thymus persicus,Tp,Q15372298
Thymus pubescens,Tp,Q15373682
Thymus pulegioides,Tp,Q149474
Thymus richardii,Tr,Q15055116
Thymus roegneri,Tr,Q15373601
Thymus saturejoides,Ts,Q15372584
Thymus spinulosus,Ts,Q1668990
Thymus striatus,Ts,Q2430364
Thymus subcollinus,Ts,Q15373319
Thymus vulgaris,Tv,Q148668
Thymus zygioides,Tz,Q2430366
Thymus zygis,Tz,Q851544
Tordylium aegyptiacum,Ta,Q15428024
Tordylium apulum,Ta,Q622341
Tordylium hasselquistiae,Th,Q17137464
Tordylium lanatum,Tl,Q15449385
Tordylium pestalozzae,Tp,Q17137410
Tordylium pustulosum,Tp,Q17137434
Tordylium syriacum,Ts,Q15428023
Tordylium trachycarpum,Tt,Q15428022
Torilis arvensis,Ta,Q341578
Trachyspermum ammi,Ta,Q413254
Trachyspermum roxburghianum,Tr,Q673731
Trema orientale,To,
Trifolium medium,Tm,
Trifolium pratense,Tp,
Trinia glauca,Tg,Q882880
Tripterygium wilfordii,Tw,
Tristania neriifolia,Tn,Q18201477
Tristaniopsis collina,Tc,Q7844159
Tristaniopsis exiliflora,Te,Q15388095
Tristaniopsis laurina,Tl,Q3005022
Triticum aestivum,Ta,
Triticum turgidum,Tt,
Triticum urartu,Tu,
Ulva rigida,Ur,Q3548113
unresolved name,un,Q20645915
Uvariodendron calophyllum,Uc,Q17140029
Valeriana alpestris,Va,Q17435436
Valeriana hardwickii,Vh,Q15232254
Valeriana jatamansi,Vj,Q912252
Valeriana officinalis,Vo,Q157819
Varthemia persica,Vp,Q15562292
Vernonia migeodii,Vm,Q15567823
Vernonia perrottetii,Vp,Q15568521
Vigna angularis,Va,
Vigna exilis,Ve,
Vigna indica,Vi,
Vigna marina,Vm,
Vigna minima,Vm,
Vigna mungo,Vm,
Vigna radiata,Vr,
Vigna riukiuensis,Vr,
Vigna stipulacea,Vs,
Vigna trilobata,Vt,
Vigna unguiculata,Vu,
Vigna vexillata,Vv,
Viguiera dentata,Vd,Q15570649
Vitex agnus-castus,Va,Q259318
Viticipremna queenslandica,Vq,Q15375889
Vitis vinifera,Vv,Q30046
Water mint,Wm,Q161232
Waterhousea floribunda,Wf,Q7974146
Waterhousea hedraiophylla,Wh,Q55972777
Waterhousea mulgraveana,Wm,Q39289147
Waterhousea unipunctata,Wu,Q39292083
Wax gourd,Wg,
Welsh onion,Wo,Q27938
Xanthium brasilicum,Xb,Q38789319
Xanthium strumarium,Xs,Q857159
Xanthogalum purpurascens,Xp,Q21300629
Xanthostemon arenarius,Xa,Q15390463
Xanthostemon chrysanthus,Xc,Q2005777
Xanthostemon crenulatus,Xc,Q15391593
Xanthostemon eucalyptoides,Xe,Q15389557
Xanthostemon formosus,Xf,Q15389745
Xanthostemon oppositifolius,Xo,Q5224068
Xanthostemon paradoxus,Xp,Q15389985
Xanthostemon psidioides,Xp,Q15390320
Xanthostemon umbrosus,Xu,Q15391111
Xanthostemon verticillatus,Xv,Q8043121
Xanthostemon whitei,Xw,Q15392141
Xanthostemon youngii,Xy,Q8043122
Xeranthemum annuum,Xa,Q2054752
Xylopia aethiopica,Xa,Q2717116
Xylopia aromatica,Xa,Q8045504
Xylopia brasiliensis,Xb,Q8045503
Xylopia frutescens,Xf,Q17140701
Yulania denudata,Yd,Q24852896
Zanthoxylum brachyacanthum,Zb,Q3024456
Zanthoxylum ekmanii,Ze,Q15396585
Zanthoxylum limonella,Zl,Q15634490
Zanthoxylum nitidum,Zn,Q8066282
Zanthoxylum ovalifolium,Zo,Q11065930
Zanthoxylum parviflorum,Zp,Q65951559
Zanthoxylum pinnatum,Zp,Q18081174
Zanthoxylum procerum,Zp,Q4744506
Zanthoxylum rhetsa,Zr,Q13114182
Zanthoxylum syncarpum,Zs,Q15395016
Zanthoxylum veneficum,Zv,Q65951562
Zanthoxylum zanthoxyloides,Zz,Q9097481
Zataria multiflora,Zm,Q148310
Zea diploperennis,Zd,
Zea mays,Zm,
Zea perennis,Zp,
Zhumeria majdae,Zm,Q15375318
Zingiber neesanum,Zn,Q15337166
Zingiber officinale,Zo,Q35625
Zingiber zerumbet,Zz,Q60980
Zinnia elegans,Ze,Q15245321
Ziziphora clinopodioides,Zc,Q4191806
Ziziphora persica,Zp,Q15376762
Ziziphus spina-christi,Zs,Q2920458
Zostera marina,Zm,
